Source,Target
TNNI3,ACTIVE RHEUMATIC FEVER
POMC,ACTIVE RHEUMATIC FEVER
HP,ACTIVE RHEUMATIC FEVER
CRP,ACTIVE RHEUMATIC FEVER
RHD,ACTIVE RHEUMATIC FEVER
CCDC183,ACTIVE RHEUMATIC FEVER
F2,ACTIVE RHEUMATIC FEVER
ALB,ACTIVE RHEUMATIC FEVER
TNF,ACTIVE RHEUMATIC FEVER
IL6,ACTIVE RHEUMATIC FEVER
POMC,ACUTE GOUT
IL1B,ACUTE GOUT
PTGS2,ACUTE GOUT
IL6,AGE RELATED OSTEOPOROSIS
ESR1,AGE RELATED OSTEOPOROSIS
PTH,AGE RELATED OSTEOPOROSIS
TNFSF11,AGE RELATED OSTEOPOROSIS
TNFRSF11B,AGE RELATED OSTEOPOROSIS
IGF1,AGE RELATED OSTEOPOROSIS
GH1,AGE RELATED OSTEOPOROSIS
PRL,AGE RELATED OSTEOPOROSIS
CSF1R,AGE RELATED OSTEOPOROSIS
VDR,AGE RELATED OSTEOPOROSIS
RUNX2,AGE RELATED OSTEOPOROSIS
NFKB1,AGE RELATED OSTEOPOROSIS
HSD11B1,AGE RELATED OSTEOPOROSIS
AR,AGE RELATED OSTEOPOROSIS
BGLAP,AGE RELATED OSTEOPOROSIS
TNF,AGE RELATED OSTEOPOROSIS
LRP5,AGE RELATED OSTEOPOROSIS
PTHLH,AGE RELATED OSTEOPOROSIS
NOS2,AGE RELATED OSTEOPOROSIS
CSF1,AGE RELATED OSTEOPOROSIS
PTK2B,AGE RELATED OSTEOPOROSIS
CTSK,AGE RELATED OSTEOPOROSIS
ADIPOQ,AGE RELATED OSTEOPOROSIS
KL,AGE RELATED OSTEOPOROSIS
LCT,AGE RELATED OSTEOPOROSIS
MMP9,AGE RELATED OSTEOPOROSIS
COL1A1,AGE RELATED OSTEOPOROSIS
IL1B,AGE RELATED OSTEOPOROSIS
HSPB3,AGE RELATED OSTEOPOROSIS
SOST,AGE RELATED OSTEOPOROSIS
CD34,AGE RELATED OSTEOPOROSIS
LEP,AGE RELATED OSTEOPOROSIS
PTH1R,AGE RELATED OSTEOPOROSIS
SIRT1,AGE RELATED OSTEOPOROSIS
PPARG,AGE RELATED OSTEOPOROSIS
CASR,AGE RELATED OSTEOPOROSIS
PTGER4,AGE RELATED OSTEOPOROSIS
BTF3P11,AGE RELATED OSTEOPOROSIS
AGT,AGE RELATED OSTEOPOROSIS
CNR1,AGE RELATED OSTEOPOROSIS
DKK1,AGE RELATED OSTEOPOROSIS
INS,AGE RELATED OSTEOPOROSIS
BMP2,AGE RELATED OSTEOPOROSIS
TGFB1,AGE RELATED OSTEOPOROSIS
MIR21,AGE RELATED OSTEOPOROSIS
IGFBP1,AGE RELATED OSTEOPOROSIS
WNT1,AGE RELATED OSTEOPOROSIS
SPP1,AGE RELATED OSTEOPOROSIS
NOTCH2,AGE RELATED OSTEOPOROSIS
IL1A,AGE RELATED OSTEOPOROSIS
NFKB1,AGE RELATED OSTEOPOROSIS
NFKB2,AGE RELATED OSTEOPOROSIS
RELA,AGE RELATED OSTEOPOROSIS
RELB,AGE RELATED OSTEOPOROSIS
REL,AGE RELATED OSTEOPOROSIS
IL17A,AGE RELATED OSTEOPOROSIS
LPL,AGE RELATED OSTEOPOROSIS
ALDH2,AGE RELATED OSTEOPOROSIS
HSP90AA1,AGE RELATED OSTEOPOROSIS
SHBG,AGE RELATED OSTEOPOROSIS
ATF4,AGE RELATED OSTEOPOROSIS
MIR34A,AGE RELATED OSTEOPOROSIS
AKT1,AGE RELATED OSTEOPOROSIS
ANXA2,AGE RELATED OSTEOPOROSIS
SP1,AGE RELATED OSTEOPOROSIS
MSC,AGE RELATED OSTEOPOROSIS
TAC1,AGE RELATED OSTEOPOROSIS
SERPINE1,AGE RELATED OSTEOPOROSIS
CTNNB1,AGE RELATED OSTEOPOROSIS
AHSG,AGE RELATED OSTEOPOROSIS
GCG,AGE RELATED OSTEOPOROSIS
RARRES2,AGE RELATED OSTEOPOROSIS
HSD11B2,AGE RELATED OSTEOPOROSIS
BMI1,AGE RELATED OSTEOPOROSIS
P2RX7,AGE RELATED OSTEOPOROSIS
NPY,AGE RELATED OSTEOPOROSIS
ITLN1,AGE RELATED OSTEOPOROSIS
PTGS2,AGE RELATED OSTEOPOROSIS
IL17B,AGE RELATED OSTEOPOROSIS
IL1A,AGE RELATED OSTEOPOROSIS
AGTR1,AGE RELATED OSTEOPOROSIS
CYP27A1,AGE RELATED OSTEOPOROSIS
ECD,AGE RELATED OSTEOPOROSIS
ANPEP,AGE RELATED OSTEOPOROSIS
CRP,AGE RELATED OSTEOPOROSIS
ACE,AGE RELATED OSTEOPOROSIS
MIF,AGE RELATED OSTEOPOROSIS
CAV1,AGE RELATED OSTEOPOROSIS
MIR214,AGE RELATED OSTEOPOROSIS
SOD2,AGE RELATED OSTEOPOROSIS
MTOR,AGE RELATED OSTEOPOROSIS
SIRT6,AGE RELATED OSTEOPOROSIS
ST3GAL4,AGE RELATED OSTEOPOROSIS
PEPD,AGE RELATED OSTEOPOROSIS
TSHR,AGE RELATED OSTEOPOROSIS
SP7,AGE RELATED OSTEOPOROSIS
SOD1,AGE RELATED OSTEOPOROSIS
CD44,AGE RELATED OSTEOPOROSIS
VKORC1,AGE RELATED OSTEOPOROSIS
ADM,AGE RELATED OSTEOPOROSIS
CRH,AGE RELATED OSTEOPOROSIS
ELF3,AGE RELATED OSTEOPOROSIS
PLS3,AGE RELATED OSTEOPOROSIS
ALOX15,AGE RELATED OSTEOPOROSIS
GC,AGE RELATED OSTEOPOROSIS
UGCG,AGE RELATED OSTEOPOROSIS
CD40,AGE RELATED OSTEOPOROSIS
POSTN,AGE RELATED OSTEOPOROSIS
INSL3,AGE RELATED OSTEOPOROSIS
AR,AGE RELATED OSTEOPOROSIS
MRPL49,AGE RELATED OSTEOPOROSIS
IGFBP3,AGE RELATED OSTEOPOROSIS
CYP1A1,AGE RELATED OSTEOPOROSIS
CALCR,AGE RELATED OSTEOPOROSIS
CLCN7,AGE RELATED OSTEOPOROSIS
CNOT3,AGE RELATED OSTEOPOROSIS
ESR2,AGE RELATED OSTEOPOROSIS
VPS35,AGE RELATED OSTEOPOROSIS
NOX4,AGE RELATED OSTEOPOROSIS
SLC51A,AGE RELATED OSTEOPOROSIS
MIR194-1,AGE RELATED OSTEOPOROSIS
HBM,AGE RELATED OSTEOPOROSIS
GDF11,AGE RELATED OSTEOPOROSIS
CBS,AGE RELATED OSTEOPOROSIS
KHDRBS1,AGE RELATED OSTEOPOROSIS
CDX2,AGE RELATED OSTEOPOROSIS
BMP7,AGE RELATED OSTEOPOROSIS
SATB2,AGE RELATED OSTEOPOROSIS
NFATC1,AGE RELATED OSTEOPOROSIS
ST2,AGE RELATED OSTEOPOROSIS
IFNG,AGE RELATED OSTEOPOROSIS
RICTOR,AGE RELATED OSTEOPOROSIS
COL1A2,AGE RELATED OSTEOPOROSIS
DDR2,AGE RELATED OSTEOPOROSIS
MAPK7,AGE RELATED OSTEOPOROSIS
IL37,AGE RELATED OSTEOPOROSIS
SOX6,AGE RELATED OSTEOPOROSIS
LRP6,AGE RELATED OSTEOPOROSIS
ZNF467,AGE RELATED OSTEOPOROSIS
RXFP2,AGE RELATED OSTEOPOROSIS
MTHFR,AGE RELATED OSTEOPOROSIS
TNFRSF25,AGE RELATED OSTEOPOROSIS
GSTT1,AGE RELATED OSTEOPOROSIS
TRPV1,AGE RELATED OSTEOPOROSIS
WNT4,AGE RELATED OSTEOPOROSIS
EPHA2,AGE RELATED OSTEOPOROSIS
NELL1,AGE RELATED OSTEOPOROSIS
GHR,AGE RELATED OSTEOPOROSIS
RHOV,AGE RELATED OSTEOPOROSIS
DDIT3,AGE RELATED OSTEOPOROSIS
WNT16,AGE RELATED OSTEOPOROSIS
PLEKHO1,AGE RELATED OSTEOPOROSIS
SMURF1,AGE RELATED OSTEOPOROSIS
CNR2,AGE RELATED OSTEOPOROSIS
CTSB,AGE RELATED OSTEOPOROSIS
LIF,AGE RELATED OSTEOPOROSIS
CCL2,AGE RELATED OSTEOPOROSIS
PTN,AGE RELATED OSTEOPOROSIS
CDH1,AGE RELATED OSTEOPOROSIS
POMC,AGE RELATED OSTEOPOROSIS
PPIA,AGE RELATED OSTEOPOROSIS
SLC11A2,AGE RELATED OSTEOPOROSIS
DDOST,AGE RELATED OSTEOPOROSIS
LYPD4,AGE RELATED OSTEOPOROSIS
FDPS,AGE RELATED OSTEOPOROSIS
LEPR,AGE RELATED OSTEOPOROSIS
FOXO1,AGE RELATED OSTEOPOROSIS
TPH1,AGE RELATED OSTEOPOROSIS
EZH2,AGE RELATED OSTEOPOROSIS
GBP1,AGE RELATED OSTEOPOROSIS
ESRRA,AGE RELATED OSTEOPOROSIS
ZDHHC13,AGE RELATED OSTEOPOROSIS
CEACAM1,AGE RELATED OSTEOPOROSIS
ATP6V1H,AGE RELATED OSTEOPOROSIS
WNT10B,AGE RELATED OSTEOPOROSIS
ACP1,AGE RELATED OSTEOPOROSIS
MDK,AGE RELATED OSTEOPOROSIS
MEN1,AGE RELATED OSTEOPOROSIS
APOE,AGE RELATED OSTEOPOROSIS
GIP,AGE RELATED OSTEOPOROSIS
IL33,AGE RELATED OSTEOPOROSIS
CP,AGE RELATED OSTEOPOROSIS
EFNA2,AGE RELATED OSTEOPOROSIS
SLC2A1,AGE RELATED OSTEOPOROSIS
SQOR,AGE RELATED OSTEOPOROSIS
IL31,AGE RELATED OSTEOPOROSIS
BPIFA2,AGE RELATED OSTEOPOROSIS
IL1RN,AGE RELATED OSTEOPOROSIS
DBP,AGE RELATED OSTEOPOROSIS
MIR106B,AGE RELATED OSTEOPOROSIS
LRP1,AGE RELATED OSTEOPOROSIS
FGF2,AGE RELATED OSTEOPOROSIS
BMP3,AGE RELATED OSTEOPOROSIS
HAMP,AGE RELATED OSTEOPOROSIS
IBSP,AGE RELATED OSTEOPOROSIS
FGFR3,AGE RELATED OSTEOPOROSIS
FNDC5,AGE RELATED OSTEOPOROSIS
IL18,AGE RELATED OSTEOPOROSIS
SMAD5,AGE RELATED OSTEOPOROSIS
PTRH1,AGE RELATED OSTEOPOROSIS
GRN,AGE RELATED OSTEOPOROSIS
SMAD1,AGE RELATED OSTEOPOROSIS
CXCL8,AGE RELATED OSTEOPOROSIS
MEPE,AGE RELATED OSTEOPOROSIS
ST8,AGE RELATED OSTEOPOROSIS
MGARP,AGE RELATED OSTEOPOROSIS
MPO,ALLERGIC ANGIITIDES
CCL17,ALLERGIC ANGIITIDES
IL5,ALLERGIC ANGIITIDES
VEGFA,ALLERGIC ANGIITIDES
CCL26,ALLERGIC ANGIITIDES
MPO,ANGIITIDES
TNF,ANGIITIDES
CSF3,ANGIITIDES
C3,ANGIITIDES
HLA-DRB1,ANGIITIDES
CD83,ANGIITIDES
IL2,ANGIITIDES
VWF,ANGIITIDES
HSPD1,ANGIITIDES
PRTN3,ANGIITIDES
IL17A,ANGIITIDES
TGFB1,ANGIITIDES
IFNG,ANGIITIDES
CD79A,ANGIITIDES
SELE,ANGIITIDES
IGAN1,ANGIITIDES
C5,ANGIITIDES
IGHM,ANGIITIDES
TNFSF13B,ANGIITIDES
CCL2,ANGIITIDES
UCN,ANGIITIDES
HLA-E,ANGIITIDES
TLR9,ANGIITIDES
IL10,ANGIITIDES
WAS,ANGIITIDES
ICAM1,ANGIITIDES
IL21,ANGIITIDES
IL6,ANGIITIDES
EVA1C,ANGIITIDES
PTX3,ANGIITIDES
SERPINA1,ANGIITIDES
IFNA1,ANGIITIDES
HMGB1,ANGIITIDES
CD40LG,ANGIITIDES
CP,ANGIITIDES
VEGFA,ANGIITIDES
CX3CR1,ANGIITIDES
ACSM3,ANGIITIDES
C5AR1,ANGIITIDES
SSRP1,ANGIITIDES
GYPA,ANGIITIDES
KIR2DS2,ANGIITIDES
WG,ANGIITIDES
ANGPT1,ANGIITIDES
ANGPT2,ANGIITIDES
IL1A,ANGIITIDES
IL2RA,ANGIITIDES
IGHA1,ANGIITIDES
HP,ANGIITIDES
MS4A1,ANGIITIDES
CX3CL1,ANGIITIDES
HSP90B2P,ANGIITIDES
CRP,ANGIITIDES
AAVS1,ANGIITIDES
HLA-DRB4,ANGIITIDES
LTF,ANGIITIDES
PADI4,ANGIITIDES
SEMA4D,ANGIITIDES
APP,ANGIITIDES
AQP4,ANGIITIDES
SERP1,ANGIITIDES
CAMP,ANGIITIDES
SSB,ANGIITIDES
HLA-B,ANKYLOSING SPONDYLARTHRITIDES
MRAP,ANKYLOSING SPONDYLARTHRITIDES
TNF,ANKYLOSING SPONDYLARTHRITIDES
IL23R,ANKYLOSING SPONDYLARTHRITIDES
PEPD,ANKYLOSING SPONDYLARTHRITIDES
CASP1,ANKYLOSING SPONDYLARTHRITIDES
TGFB1,ANKYLOSING SPONDYLARTHRITIDES
HLA-E,ANKYLOSING SPONDYLARTHRITIDES
IL17A,ANKYLOSING SPONDYLARTHRITIDES
CYP2D6,ANKYLOSING SPONDYLARTHRITIDES
TAP1,ANKYLOSING SPONDYLARTHRITIDES
TLR4,ANKYLOSING SPONDYLARTHRITIDES
DKK1,ANKYLOSING SPONDYLARTHRITIDES
CD163,ANKYLOSING SPONDYLARTHRITIDES
MMP3,ANKYLOSING SPONDYLARTHRITIDES
MBL2,ANKYLOSING SPONDYLARTHRITIDES
IL1A,ANKYLOSING SPONDYLARTHRITIDES
ERAP1,ANKYLOSING SPONDYLARTHRITIDES
CRP,ANKYLOSING SPONDYLARTHRITIDES
B2M,ANKYLOSING SPONDYLARTHRITIDES
IL2RA,ANKYLOSING SPONDYLARTHRITIDES
IGHA1,ANKYLOSING SPONDYLARTHRITIDES
IL10,ANKYLOSING SPONDYLARTHRITIDES
MEFV,ANKYLOSING SPONDYLARTHRITIDES
AHSG,ANKYLOSING SPONDYLARTHRITIDES
ERAP2,ANKYLOSING SPONDYLARTHRITIDES
ANTXR2,ANKYLOSING SPONDYLARTHRITIDES
MIR146A,ANKYLOSING SPONDYLARTHRITIDES
BMP2,ANKYLOSING SPONDYLARTHRITIDES
VEGFA,ANKYLOSING SPONDYLARTHRITIDES
TRH,ANKYLOSING SPONDYLARTHRITIDES
HSPD1,ANKYLOSING SPONDYLARTHRITIDES
SCT,ANKYLOSING SPONDYLARTHRITIDES
IL23A,ANKYLOSING SPONDYLARTHRITIDES
SOCS1,ANKYLOSING SPONDYLARTHRITIDES
LEP,ANKYLOSING SPONDYLARTHRITIDES
HLA-DRB4,ANKYLOSING SPONDYLARTHRITIDES
IL37,ANKYLOSING SPONDYLARTHRITIDES
IGAN1,ANKYLOSING SPONDYLARTHRITIDES
CD79A,ANKYLOSING SPONDYLARTHRITIDES
NOD2,ANKYLOSING SPONDYLARTHRITIDES
KIR3DL1,ANKYLOSING SPONDYLARTHRITIDES
PTPN22,ANKYLOSING SPONDYLARTHRITIDES
MSC,ANKYLOSING SPONDYLARTHRITIDES
BMP7,ANKYLOSING SPONDYLARTHRITIDES
IL6,ANKYLOSING SPONDYLARTHRITIDES
TNFRSF11B,ANKYLOSING SPONDYLARTHRITIDES
SOST,ANKYLOSING SPONDYLARTHRITIDES
RNASE3,ANKYLOSING SPONDYLARTHRITIDES
ANKH,ANKYLOSING SPONDYLARTHRITIDES
ALPL,ANKYLOSING SPONDYLARTHRITIDES
HP,ANKYLOSING SPONDYLARTHRITIDES
RETN,ANKYLOSING SPONDYLARTHRITIDES
PDCD1,ANKYLOSING SPONDYLARTHRITIDES
TNFSF11,ANKYLOSING SPONDYLARTHRITIDES
CD40LG,ANKYLOSING SPONDYLARTHRITIDES
CSF2,ANKYLOSING SPONDYLARTHRITIDES
SYNPR,ANKYLOSING SPONDYLARTHRITIDES
IL33,ANKYLOSING SPONDYLARTHRITIDES
IL17RA,ANKYLOSING SPONDYLARTHRITIDES
VIP,ANKYLOSING SPONDYLARTHRITIDES
IL1B,ANKYLOSING SPONDYLARTHRITIDES
ESR1,ANKYLOSING SPONDYLARTHRITIDES
IL18,ANKYLOSING SPONDYLARTHRITIDES
TAP2,ANKYLOSING SPONDYLARTHRITIDES
TNFRSF10A,ANKYLOSING SPONDYLARTHRITIDES
HMGB1,ANKYLOSING SPONDYLARTHRITIDES
GDF15,ANKYLOSING SPONDYLARTHRITIDES
CP,ANKYLOSING SPONDYLARTHRITIDES
EDN1,ANKYLOSING SPONDYLARTHRITIDES
CREG1,ANKYLOSING SPONDYLARTHRITIDES
LIF,ANKYLOSING SPONDYLARTHRITIDES
MS4A1,ANKYLOSING SPONDYLARTHRITIDES
RUNX3,ANKYLOSING SPONDYLARTHRITIDES
PTGER4,ANKYLOSING SPONDYLARTHRITIDES
TNFSF15,ANKYLOSING SPONDYLARTHRITIDES
TNFRSF10B,ANKYLOSING SPONDYLARTHRITIDES
JMY,ANKYLOSING SPONDYLARTHRITIDES
KDM5A,ANKYLOSING SPONDYLARTHRITIDES
QPCT,ANKYLOSING SPONDYLARTHRITIDES
MECOM,ANKYLOSING SPONDYLARTHRITIDES
DPEP1,ANKYLOSING SPONDYLARTHRITIDES
CA1,ANKYLOSING SPONDYLARTHRITIDES
CCR7,ANKYLOSING SPONDYLARTHRITIDES
BMP6,ANKYLOSING SPONDYLARTHRITIDES
TMEM106C,ANKYLOSING SPONDYLARTHRITIDES
IRF4,ANKYLOSING SPONDYLARTHRITIDES
CCL21,ANKYLOSING SPONDYLARTHRITIDES
HLA-C,ANKYLOSING SPONDYLARTHRITIDES
CCL19,ANKYLOSING SPONDYLARTHRITIDES
PPARGC1B,ANKYLOSING SPONDYLARTHRITIDES
NFATC1,ANKYLOSING SPONDYLARTHRITIDES
HDAC3,ANKYLOSING SPONDYLARTHRITIDES
TNFSF10,ANKYLOSING SPONDYLARTHRITIDES
H3P6,ANKYLOSING SPONDYLARTHRITIDES
PON1,ANKYLOSING SPONDYLARTHRITIDES
TNFAIP1,ANKYLOSING SPONDYLARTHRITIDES
F5,ANTI PHOSPHOLIPID ANTIBODY SYNDROME
F3,ANTI PHOSPHOLIPID ANTIBODY SYNDROME
F2,ANTI PHOSPHOLIPID ANTIBODY SYNDROME
APOH,ANTI PHOSPHOLIPID ANTIBODY SYNDROME
GPI,ANTI PHOSPHOLIPID ANTIBODY SYNDROME
PRL,ANTI PHOSPHOLIPID ANTIBODY SYNDROME
FLT1,ANTI PHOSPHOLIPID ANTIBODY SYNDROME
CYP27A1,ANTI PHOSPHOLIPID ANTIBODY SYNDROME
SELP,ANTI PHOSPHOLIPID ANTIBODY SYNDROME
ANXA2,ANTI PHOSPHOLIPID ANTIBODY SYNDROME
PROC,ANTI PHOSPHOLIPID ANTIBODY SYNDROME
F10,ANTI PHOSPHOLIPID ANTIBODY SYNDROME
TLR4,ANTI PHOSPHOLIPID ANTIBODY SYNDROME
TNF,ANTI PHOSPHOLIPID ANTIBODY SYNDROME
C5AR1,ANTI PHOSPHOLIPID ANTIBODY SYNDROME
F12,ANTI PHOSPHOLIPID ANTIBODY SYNDROME
ANXA5,ANTI PHOSPHOLIPID ANTIBODY SYNDROME
CFH,ANTI PHOSPHOLIPID ANTIBODY SYNDROME
CD79A,ANTI PHOSPHOLIPID ANTIBODY SYNDROME
C5,ANTI PHOSPHOLIPID ANTIBODY SYNDROME
APP,ANTI PHOSPHOLIPID ANTIBODY SYNDROME
SPP1,ANTI PHOSPHOLIPID ANTIBODY SYNDROME
IGHM,ANTI PHOSPHOLIPID ANTIBODY SYNDROME
TNF,AORTIC ARCH SYNDROME
IL17A,AORTIC ARCH SYNDROME
HLA-DRB4,AORTIC ARCH SYNDROME
CDK9,AORTIC ARCH SYNDROME
IL12B,AORTIC ARCH SYNDROME
IL6,AORTIC ARCH SYNDROME
CRP,AORTIC ARCH SYNDROME
HLA-B,AORTIC ARCH SYNDROME
CNR1,AORTIC ARCH SYNDROME
PTX3,AORTIC ARCH SYNDROME
IL23A,AORTIC ARCH SYNDROME
LPL,AORTIC ARCH SYNDROME
BW52,AORTIC ARCH SYNDROME
CCL5,AORTIC ARCH SYNDROME
EDN1,AORTIC ARCH SYNDROME
TNF,ARTHRITIS
FGF2,ARTHRITIS
IL1RN,ARTHRITIS
GPI,ARTHRITIS
MMP3,ARTHRITIS
CSF2,ARTHRITIS
IL1A,ARTHRITIS
IL18,ARTHRITIS
IL17A,ARTHRITIS
IL4,ARTHRITIS
PTGS2,ARTHRITIS
IFNG,ARTHRITIS
POMC,ARTHRITIS
IL6,ARTHRITIS
MIF,ARTHRITIS
HSPD1,ARTHRITIS
NOS2,ARTHRITIS
IL10,ARTHRITIS
CRH,ARTHRITIS
IL12A,ARTHRITIS
IL12B,ARTHRITIS
CRP,ARTHRITIS
HIF1A,ARTHRITIS
COMP,ARTHRITIS
F2RL1,ARTHRITIS
TLR4,ARTHRITIS
IL32,ARTHRITIS
IL1A,ARTHRITIS
TNFSF11,ARTHRITIS
TBX21,ARTHRITIS
CCN2,ARTHRITIS
NFKB1,ARTHRITIS
LEP,ARTHRITIS
CXCL8,ARTHRITIS
IL2RA,ARTHRITIS
VIP,ARTHRITIS
NGF,ARTHRITIS
EVA1C,ARTHRITIS
CCL5,ARTHRITIS
CXCL10,ARTHRITIS
HLA-E,ARTHRITIS
IL1B,ARTHRITIS
HMOX1,ARTHRITIS
CD80,ARTHRITIS
HSPA5,ARTHRITIS
TLR2,ARTHRITIS
CXCR2,ARTHRITIS
SYK,ARTHRITIS
IFNA1,ARTHRITIS
C5AR1,ARTHRITIS
ST2,ARTHRITIS
CD19,ARTHRITIS
CD28,ARTHRITIS
F2,ARTHRITIS
LGALS9,ARTHRITIS
IL33,ARTHRITIS
TAC1,ARTHRITIS
HMGB1,ARTHRITIS
PTGER4,ARTHRITIS
IFNB1,ARTHRITIS
CD40,ARTHRITIS
VEGFA,ARTHRITIS
SOCS3,ARTHRITIS
MMP2,ARTHRITIS
FN1,ARTHRITIS
TNFRSF11B,ARTHRITIS
PLAU,ARTHRITIS
MAPK8,ARTHRITIS
ADIPOQ,ARTHRITIS
IL23A,ARTHRITIS
SOD1,ARTHRITIS
MMP9,ARTHRITIS
IL21,ARTHRITIS
NFKB1,ARTHRITIS
NFKB2,ARTHRITIS
RELA,ARTHRITIS
RELB,ARTHRITIS
REL,ARTHRITIS
TGFB1,ARTHRITIS
HSPA4,ARTHRITIS
IL22,ARTHRITIS
CHI3L1,ARTHRITIS
TIMP1,ARTHRITIS
CD69,ARTHRITIS
FCGR2B,ARTHRITIS
CCL2,ARTHRITIS
NCF1,ARTHRITIS
TNC,ARTHRITIS
ITGAM,ARTHRITIS
TBCA,ARTHRITIS
STAT3,ARTHRITIS
CCR2,ARTHRITIS
IL2,ARTHRITIS
SIRT1,ARTHRITIS
PRTN3,ARTHRITIS
TNFAIP3,ARTHRITIS
GRN,ARTHRITIS
TNFRSF1A,ARTHRITIS
NOD2,ARTHRITIS
LGALS3,ARTHRITIS
STAT1,ARTHRITIS
IL7,ARTHRITIS
TP53,ARTHRITIS
FOXP3,ARTHRITIS
ALB,ARTHRITIS
PDCD1,ARTHRITIS
RETN,ARTHRITIS
CD4,ARTHRITIS
S100A9,ARTHRITIS
TRPV1,ARTHRITIS
IL27,ARTHRITIS
TLR7,ARTHRITIS
NFE2L2,ARTHRITIS
NLRP3,ARTHRITIS
CASP1,ARTHRITIS
TLR3,ARTHRITIS
IL17D,ARTHRITIS
CSF1R,ARTHRITIS
FAS,ARTHRITIS
CD44,ARTHRITIS
SPP1,ARTHRITIS
IL13,ARTHRITIS
TLR9,ARTHRITIS
IGHG1,ARTHRITIS
FASLG,ARTHRITIS
PPARG,ARTHRITIS
ESR1,ARTHRITIS
P2RX7,ARTHRITIS
MIR155,ARTHRITIS
MSC,ARTHRITIS
OSM,ARTHRITIS
CXCR4,ARTHRITIS
MRAP,ARTHRITIS
TNFRSF10A,ARTHRITIS
SAA1,ARTHRITIS
F3,ARTHRITIS
SELPLG,ARTHRITIS
PTGES,ARTHRITIS
GH1,ARTHRITIS
FCGR1A,ARTHRITIS
NOG,ARTHRITIS
IKBKB,ARTHRITIS
CDH11,ARTHRITIS
IL11,ARTHRITIS
TNFRSF4,ARTHRITIS
ACAN,ARTHRITIS
RBM45,ARTHRITIS
GGTLC1,ARTHRITIS
ETS1,ARTHRITIS
NELFCD,ARTHRITIS
PTH,ARTHRITIS
ZFP36,ARTHRITIS
CX3CL1,ARTHRITIS
SERPINA4,ARTHRITIS
RSPO1,ARTHRITIS
IGF1,ARTHRITIS
CCR5,ARTHRITIS
S100A8,ARTHRITIS
CXCR3,ARTHRITIS
DLX4,ARTHRITIS
CD55,ARTHRITIS
ANGPT1,ARTHRITIS
CD22,ARTHRITIS
PLAUR,ARTHRITIS
MAP2K3,ARTHRITIS
IL6ST,ARTHRITIS
CCR1,ARTHRITIS
SLPI,ARTHRITIS
CSF1,ARTHRITIS
KNG1,ARTHRITIS
ANG,ARTHRITIS
SH2B2,ARTHRITIS
CHI3L2,ARTHRITIS
HP,ARTHRITIS
VSIG4,ARTHRITIS
ADGRE5,ARTHRITIS
IL17C,ARTHRITIS
PIK3CG,ARTHRITIS
BCL2L1,ARTHRITIS
ICOS,ARTHRITIS
IL21R,ARTHRITIS
ITGA1,ARTHRITIS
IL3,ARTHRITIS
PYCARD,ARTHRITIS
F8,ARTHRITIS
CYP27A1,ARTHRITIS
FCGRT,ARTHRITIS
FSTL1,ARTHRITIS
NMU,ARTHRITIS
ALOX15,ARTHRITIS
ADAM17,ARTHRITIS
ASIC3,ARTHRITIS
PRL,ARTHRITIS
MIA,ARTHRITIS
FCGR3A,ARTHRITIS
PLG,ARTHRITIS
KIR3DL2,ARTHRITIS
IL1R1,ARTHRITIS
SEMA3A,ARTHRITIS
CFP,ARTHRITIS
TNFAIP6,ARTHRITIS
MMRN1,ARTHRITIS
ITGAX,ARTHRITIS
IL19,ARTHRITIS
FLT3,ARTHRITIS
LTB,ARTHRITIS
MAP2K6,ARTHRITIS
ITGAL,ARTHRITIS
HDAC9,ARTHRITIS
PRG4,ARTHRITIS
CLEC7A,ARTHRITIS
HLA-DRB1,ARTHRITIS
BCL2,ARTHRITIS
IL17B,ARTHRITIS
IGKV2D-29,ARTHRITIS
PTGER2,ARTHRITIS
TRAF6,ARTHRITIS
ELANE,ARTHRITIS
DPP4,ARTHRITIS
MMP13,ARTHRITIS
PDLIM4,ARTHRITIS
LTB4R,ARTHRITIS
BCL2L11,ARTHRITIS
CSF3,ARTHRITIS
FOS,ARTHRITIS
IL15,ARTHRITIS
ANXA1,ARTHRITIS
MS4A1,ARTHRITIS
FST,ARTHRITIS
MDK,ARTHRITIS
CIT,ARTHRITIS
CEL,ARTHRITIS
STEAP4,ARTHRITIS
SELE,ARTHRITIS
CYBB,ARTHRITIS
MAP3K7,ARTHRITIS
FLT1,ARTHRITIS
GATA3,ARTHRITIS
IL6R,ARTHRITIS
PARP1,ARTHRITIS
MTA2,ARTHRITIS
ADM,ARTHRITIS
PCLAF,ARTHRITIS
NRP1,ARTHRITIS
NAMPT,ARTHRITIS
MASP1,ARTHRITIS
PRKAB1,ARTHRITIS
ADAMTS7,ARTHRITIS
ALOX5,ARTHRITIS
FGF21,ARTHRITIS
TNFRSF1B,ARTHRITIS
S100A12,ARTHRITIS
IL17RA,ARTHRITIS
LYZ,ARTHRITIS
CD86,ARTHRITIS
BIRC5,ARTHRITIS
IL1RL1,ARTHRITIS
CAT,ARTHRITIS
CTLA4,ARTHRITIS
MMP1,ARTHRITIS
CD40LG,ARTHRITIS
TMED1,ARTHRITIS
BGLAP,ARTHRITIS
F2RL3,ARTHRITIS
MAPK13,ARTHRITIS
MMP12,ARTHRITIS
SLC16A4,ARTHRITIS
ENO1,ARTHRITIS
BTF3P11,ARTHRITIS
CNR1,ARTHRITIS
CLEC12A,ARTHRITIS
PADI4,ARTHRITIS
DKK1,ARTHRITIS
CPB2,ARTHRITIS
SERPINA5,ARTHRITIS
MAPK14,ARTHRITIS
IL1F10,ARTHRITIS
ICAM1,ARTHRITIS
HTRA1,ARTHRITIS
FAP,ARTHRITIS
CDKN1A,ARTHRITIS
ADAMTS12,ARTHRITIS
ADORA2A,ARTHRITIS
MBP,ARTHRITIS
MIR26A1,ARTHRITIS
IGHM,ARTHRITIS
RHBDF2,ARTHRITIS
APOE,ARTHRITIS
HLA-DRB4,ARTHRITIS
IL34,ARTHRITIS
ADAMTS5,ARTHRITIS
RHOB,ARTHRITIS
TNFRSF12A,ARTHRITIS
TREM1,ARTHRITIS
TNFSF13B,ARTHRITIS
MIR146A,ARTHRITIS
AIM2,ARTHRITIS
JUN,ARTHRITIS
ORAI1,ARTHRITIS
TIMP3,ARTHRITIS
C1QTNF6,ARTHRITIS
MMP8,ARTHRITIS
IDO1,ARTHRITIS
HSP90B2P,ARTHRITIS
CARD9,ARTHRITIS
PADI2,ARTHRITIS
NR4A2,ARTHRITIS
LYN,ARTHRITIS
CCR6,ARTHRITIS
MEFV,ARTHRITIS
CD79A,ARTHRITIS
SEMA4D,ARTHRITIS
IDO2,ARTHRITIS
KLKB1,ARTHRITIS
SETBP1,ARTHRITIS
RIPK3,ARTHRITIS
COL2A1,ARTHRITIS
HSD11B2,ARTHRITIS
SOST,ARTHRITIS
NPTX1,ARTHRITIS
SDC4,ARTHRITIS
HSD11B1,ARTHRITIS
ANGPT2,ARTHRITIS
OLR1,ARTHRITIS
MIR10A,ARTHRITIS
TBX5,ARTHRITIS
CTSL,ARTHRITIS
MT1JP,ARTHRITIS
CCL20,ARTHRITIS
JAK3,ARTHRITIS
TSLP,ARTHRITIS
JAK2,ARTHRITIS
IL7R,ARTHRITIS
BCKDHA,ARTHRITIS
STAT5A,ARTHRITIS
PRDX2,ARTHRITIS
MST1,ARTHRITIS
TNFRSF9,ARTHRITIS
PLA2G1B,ARTHRITIS
VSIR,ARTHRITIS
PI3,ARTHRITIS
VCAM1,ARTHRITIS
MMP14,ARTHRITIS
TNFSF15,ARTHRITIS
TNFRSF25,ARTHRITIS
MPO,ARTHRITIS
DNASE2,ARTHRITIS
TWIST1,ARTHRITIS
MAP3K14,ARTHRITIS
MSH5,ARTHRITIS
PLA2G10,ARTHRITIS
SOD3,ARTHRITIS
SPG7,ARTHRITIS
PTEN,ARTHRITIS
FLT3LG,ARTHRITIS
CLEC5A,ARTHRITIS
PTPN22,ARTHRITIS
ITGA2,ARTHRITIS
SIK3,ARTHRITIS
MAPK12,ARTHRITIS
ADCYAP1,ARTHRITIS
DPEP1,ARTHRITIS
TIMP4,ARTHRITIS
ACE,ARTHRITIS
SST,ARTHRITIS
EDN1,ARTHRITIS
EPO,ARTHRITIS
SP7,ARTHRITIS
TGFBR1,ARTHRITIS
MARCKSL1,ARTHRITIS
TEK,ARTHRITIS
CCL3,ARTHRITIS
CST4,ARTHRITIS
FHL2,ARTHRITIS
TCIRG1,ARTHRITIS
THBS1,ARTHRITIS
IL5,ARTHRITIS
FCER2,ARTHRITIS
REL,ARTHRITIS
NOS1,ARTHRITIS
CR1,ARTHRITIS
CD14,ARTHRITIS
GUSB,ARTHRITIS
PRKCQ,ARTHRITIS
BSG,ARTHRITIS
CA1,ARTHRITIS
CCL11,ARTHRITIS
SERPINA1,ARTHRITIS
CXCL16,ARTHRITIS
B2M,ARTHRITIS
GHSR,ARTHRITIS
TXN,ARTHRITIS
TRPA1,ARTHRITIS
KLF2,ARTHRITIS
ICOSLG,ARTHRITIS
DRD2,ARTHRITIS
TNFRSF18,ARTHRITIS
TRPV3,ARTHRITIS
SLC11A1,ARTHRITIS
F2R,ARTHRITIS
DCN,ARTHRITIS
FCGR2A,ARTHRITIS
SELP,ARTHRITIS
GRK6,ARTHRITIS
KLRK1,ARTHRITIS
B3GAT1,ARTHRITIS
S1PR1,ARTHRITIS
CORT,ARTHRITIS
KDR,ARTHRITIS
IRAK1,ARTHRITIS
TNFSF18,ARTHRITIS
SPHK1,ARTHRITIS
CD274,ARTHRITIS
GRK2,ARTHRITIS
MIP,ARTHRITIS
CD200R1,ARTHRITIS
MYD88,ARTHRITIS
CTSC,ARTHRITIS
GAPDH,ARTHRITIS
PGF,ARTHRITIS
RAG2,ARTHRITIS
INHBE,ARTHRITIS
ADA,ARTHRITIS
THY1,ARTHRITIS
ERAP1,ARTHRITIS
NPPB,ARTHRITIS
HK1,ARTHRITIS
SPHK2,ARTHRITIS
TIE1,ARTHRITIS
ADAMTS4,ARTHRITIS
NOTCH1,ARTHRITIS
DLL1,ARTHRITIS
NPS,ARTHRITIS
ARMH1,ARTHRITIS
VEGFC,ARTHRITIS
VDR,ARTHRITIS
MET,ARTHRITIS
MSTN,ARTHRITIS
UNC5B,ARTHRITIS
NR2C2,ARTHRITIS
GSN,ARTHRITIS
SLC19A1,ARTHRITIS
CXCR6,ARTHRITIS
CTHRC1,ARTHRITIS
OPRM1,ARTHRITIS
ACACA,ARTHRITIS
CCL17,ARTHRITIS
ANXA2,ARTHRITIS
NTN1,ARTHRITIS
EMD,ARTHRITIS
CXCR5,ARTHRITIS
FZD8,ARTHRITIS
IRF5,ARTHRITIS
KLK4,ARTHRITIS
AMIGO2,ARTHRITIS
GZMA,ARTHRITIS
NRDC,ARTHRITIS
MAP2K7,ARTHRITIS
C3,ARTHRITIS
SERPINA6,ARTHRITIS
CDK5R1,ARTHRITIS
CALR,ARTHRITIS
FOXO3,ARTHRITIS
RPL17,ARTHRITIS
UBB,ARTHRITIS
C3AR1,ARTHRITIS
DEK,ARTHRITIS
CD38,ARTHRITIS
BDKRB1,ARTHRITIS
GSK3B,ARTHRITIS
LPA,ARTHRITIS
EPAS1,ARTHRITIS
CXCL1,ARTHRITIS
MC3R,ARTHRITIS
CTSH,ARTHRITIS
HRH4,ARTHRITIS
MAS1,ARTHRITIS
AKT1,ARTHRITIS
CASP8,ARTHRITIS
CD68,ARTHRITIS
ADRB2,ARTHRITIS
DUSP2,ARTHRITIS
CYCS,ARTHRITIS
ENPP2,ARTHRITIS
STAT6,ARTHRITIS
PGLYRP2,ARTHRITIS
IL17F,ARTHRITIS
BCR,ARTHRITIS
CCN1,ARTHRITIS
LRG1,ARTHRITIS
CD1D,ARTHRITIS
RYR1,ARTHRITIS
MYDGF,ARTHRITIS
FFAR2,ARTHRITIS
SUCNR1,ARTHRITIS
MIR708,ASEPTIC NECROSIS OF BONE
BGLAP,ASEPTIC NECROSIS OF BONE
HIF1A,ASEPTIC NECROSIS OF BONE
COL2A1,ASEPTIC NECROSIS OF BONE
IL23R,ASEPTIC NECROSIS OF BONE
MTOR,ASEPTIC NECROSIS OF BONE
BMP2,ASEPTIC NECROSIS OF BONE
PTH,ASEPTIC NECROSIS OF BONE
EPO,ASEPTIC NECROSIS OF BONE
VEGFA,ASEPTIC NECROSIS OF BONE
IFNB1,ASEPTIC NECROSIS OF BONE
NOS3,ASEPTIC NECROSIS OF BONE
IL6,ASEPTIC NECROSIS OF BONE
POMC,ASEPTIC NECROSIS OF BONE
ANXA2,ASEPTIC NECROSIS OF BONE
PPARG,ASEPTIC NECROSIS OF BONE
ABCB1,ASEPTIC NECROSIS OF BONE
F5,ASEPTIC NECROSIS OF BONE
CYP3A4,ASEPTIC NECROSIS OF BONE
TLR4,ASEPTIC NECROSIS OF BONE
APOA1,ASEPTIC NECROSIS OF BONE
ADAMTS7,ASEPTIC NECROSIS OF BONE
NUBP1,ASEPTIC NECROSIS OF BONE
PRKAA1,ASEPTIC NECROSIS OF BONE
TNF,ASEPTIC NECROSIS OF BONE
ASPG,ASEPTIC NECROSIS OF BONE
MSC,ASEPTIC NECROSIS OF BONE
APOB,ASEPTIC NECROSIS OF BONE
TRPV4,ASEPTIC NECROSIS OF BONE
SIRT1,ASEPTIC NECROSIS OF BONE
TNFSF11,ASEPTIC NECROSIS OF BONE
DHS,ASEPTIC NECROSIS OF BONE
TGFB1,BEHCET SYNDROME
ICAM1,BEHCET SYNDROME
CXCL8,BEHCET SYNDROME
PROC,BEHCET SYNDROME
TNF,BEHCET SYNDROME
CCL2,BEHCET SYNDROME
NOD2,BEHCET SYNDROME
IL6,BEHCET SYNDROME
CD28,BEHCET SYNDROME
CIMT,BEHCET SYNDROME
S100A12,BEHCET SYNDROME
HSP90B2P,BEHCET SYNDROME
ADM,BEHCET SYNDROME
IL37,BEHCET SYNDROME
PRL,BEHCET SYNDROME
MBL2,BEHCET SYNDROME
MEFV,BEHCET SYNDROME
IL18,BEHCET SYNDROME
HLA-G,BEHCET SYNDROME
LEP,BEHCET SYNDROME
HLA-E,BEHCET SYNDROME
IL17A,BEHCET SYNDROME
HSPD1,BEHCET SYNDROME
TNFSF13B,BEHCET SYNDROME
HLA-B,BEHCET SYNDROME
IL12RB2,BEHCET SYNDROME
IL23R,BEHCET SYNDROME
CXCL10,BEHCET SYNDROME
ITGAM,BEHCET SYNDROME
HMGB1,BEHCET SYNDROME
IFNA2,BEHCET SYNDROME
CAT,BEHCET SYNDROME
FCGR1A,BEHCET SYNDROME
SPP1,BEHCET SYNDROME
IFNG,BEHCET SYNDROME
IL15,BEHCET SYNDROME
IL33,BEHCET SYNDROME
IL2RA,BEHCET SYNDROME
HAVCR1,BEHCET SYNDROME
TBX21,BEHCET SYNDROME
TFPI,BEHCET SYNDROME
THBD,BEHCET SYNDROME
CXCR3,BEHCET SYNDROME
CRP,BEHCET SYNDROME
EVA1C,BEHCET SYNDROME
HLA-DRB4,BEHCET SYNDROME
IL4,BEHCET SYNDROME
ESR1,BEHCET SYNDROME
F2,BEHCET SYNDROME
IL1A,BEHCET SYNDROME
IL17D,BEHCET SYNDROME
TLR2,BEHCET SYNDROME
IL10,BEHCET SYNDROME
GATA3,BEHCET SYNDROME
NOS3,BEHCET SYNDROME
ERAP1,BEHCET SYNDROME
VEGFA,BEHCET SYNDROME
TLR4,BEHCET SYNDROME
IL1B,BEHCET SYNDROME
MIF,BEHCET SYNDROME
STAT4,BEHCET SYNDROME
AHR,BEHCET SYNDROME
IFNA1,BEHCET SYNDROME
HLA-A,BEHCET SYNDROME
IL12A,BEHCET SYNDROME
IL12B,BEHCET SYNDROME
UBAC2,BEHCET SYNDROME
SOD1,BEHCET SYNDROME
ADA,BEHCET SYNDROME
EDN1,BEHCET SYNDROME
EGF,BEHCET SYNDROME
IL2,BEHCET SYNDROME
FAS,BEHCET SYNDROME
HMOX1,BEHCET SYNDROME
IL23A,BEHCET SYNDROME
VWF,BEHCET SYNDROME
GUSB,BEHCET SYNDROME
VDR,BEHCET SYNDROME
DEFA1,BEHCET SYNDROME
KIR2DL4,BEHCET SYNDROME
ENO1,BEHCET SYNDROME
TIMD4,BEHCET SYNDROME
FNDC5,BEHCET SYNDROME
BTLA,BEHCET SYNDROME
KIR3DL3,BEHCET SYNDROME
ETS1,BEHCET SYNDROME
IL12B,BEHCET SYNDROME
IRF8,BEHCET SYNDROME
LAMP1,BEHCET SYNDROME
SERPINB3,BONE INFECTION
VDR,BONE INFECTION
NAB2,BONE INFECTION
IFNG,BONE INFECTION
IL1B,BONE INFECTION
DPEP1,BONE INFECTION
ESR1,BONE INFECTION
CASP8,BONE INFECTION
CRP,BONE INFECTION
SQSTM1,BONE PAGET DISEASE
TNFRSF11B,BONE PAGET DISEASE
SOST,BONE PAGET DISEASE
CEACAM5,BONE PAGET DISEASE
RIN3,BONE PAGET DISEASE
VCP,BONE PAGET DISEASE
PTH,BONE PAGET DISEASE
BGLAP,BONE PAGET DISEASE
TNFSF11,BONE PAGET DISEASE
ERBB2,BONE PAGET DISEASE
UBB,BONE PAGET DISEASE
FGF2,BONE PAGET DISEASE
TARDBP,BONE PAGET DISEASE
TNFRSF11A,BONE PAGET DISEASE
S100A1,BONE PAGET DISEASE
IL6,BONE PAGET DISEASE
NFE2L2,BONE PAGET DISEASE
IL1RN,CHRONIC ULCERATIVE COLITIS
BAX,CHRONIC ULCERATIVE COLITIS
NOS2,CHRONIC ULCERATIVE COLITIS
SOD1,CHRONIC ULCERATIVE COLITIS
ESR1,CHRONIC ULCERATIVE COLITIS
TBC1D9,CHRONIC ULCERATIVE COLITIS
TNF,CHRONIC ULCERATIVE COLITIS
F2,CHRONIC ULCERATIVE COLITIS
MET,CHRONIC ULCERATIVE COLITIS
ICAM1,CHRONIC ULCERATIVE COLITIS
POMC,CHRONIC ULCERATIVE COLITIS
TPM3,CHRONIC ULCERATIVE COLITIS
LYZ,CHRONIC ULCERATIVE COLITIS
HLA-DRB4,CHRONIC ULCERATIVE COLITIS
CXCL8,CHRONIC ULCERATIVE COLITIS
BCHE,CHRONIC ULCERATIVE COLITIS
IGHG1,CHRONIC ULCERATIVE COLITIS
LTF,CHRONIC ULCERATIVE COLITIS
IL13,CHRONIC ULCERATIVE COLITIS
CXCL10,CHRONIC ULCERATIVE COLITIS
IL23A,CHRONIC ULCERATIVE COLITIS
TGFB1,CHRONIC ULCERATIVE COLITIS
EDN1,CHRONIC ULCERATIVE COLITIS
IL2,CHRONIC ULCERATIVE COLITIS
CCL20,CHRONIC ULCERATIVE COLITIS
HGF,CHRONIC ULCERATIVE COLITIS
IL2RA,CHRONIC ULCERATIVE COLITIS
NFKB1,CHRONIC ULCERATIVE COLITIS
TP53,CHRONIC ULCERATIVE COLITIS
VEGFA,CHRONIC ULCERATIVE COLITIS
PMP22,CHRONIC ULCERATIVE COLITIS
SERPINA1,CHRONIC ULCERATIVE COLITIS
IFNG,CHRONIC ULCERATIVE COLITIS
MIF,CHRONIC ULCERATIVE COLITIS
HLA-DRB1,CHRONIC ULCERATIVE COLITIS
EGF,CHRONIC ULCERATIVE COLITIS
IL21,CHRONIC ULCERATIVE COLITIS
MYDGF,CHRONIC ULCERATIVE COLITIS
C3,CHRONIC ULCERATIVE COLITIS
IL33,CHRONIC ULCERATIVE COLITIS
PPARG,CHRONIC ULCERATIVE COLITIS
TLR4,CHRONIC ULCERATIVE COLITIS
CTNNB1,CHRONIC ULCERATIVE COLITIS
CRP,CHRONIC ULCERATIVE COLITIS
FOXP3,CHRONIC ULCERATIVE COLITIS
TLR9,CHRONIC ULCERATIVE COLITIS
MUC2,CHRONIC ULCERATIVE COLITIS
IL4,CHRONIC ULCERATIVE COLITIS
FAS,CHRONIC ULCERATIVE COLITIS
KRAS,CHRONIC ULCERATIVE COLITIS
HSPD1,CHRONIC ULCERATIVE COLITIS
TNFSF15,CHRONIC ULCERATIVE COLITIS
IL10,CHRONIC ULCERATIVE COLITIS
IGAN1,CHRONIC ULCERATIVE COLITIS
IL1B,CHRONIC ULCERATIVE COLITIS
PTGS1,CHRONIC ULCERATIVE COLITIS
PTGS2,CHRONIC ULCERATIVE COLITIS
CCL11,CHRONIC ULCERATIVE COLITIS
CCL21,CHRONIC ULCERATIVE COLITIS
FGF2,CHRONIC ULCERATIVE COLITIS
NOD2,CHRONIC ULCERATIVE COLITIS
CDKN1A,CHRONIC ULCERATIVE COLITIS
LCT,CHRONIC ULCERATIVE COLITIS
MMP13,CHRONIC ULCERATIVE COLITIS
ELAVL1,CHRONIC ULCERATIVE COLITIS
NFKB1,CHRONIC ULCERATIVE COLITIS
NFKB2,CHRONIC ULCERATIVE COLITIS
RELA,CHRONIC ULCERATIVE COLITIS
RELB,CHRONIC ULCERATIVE COLITIS
REL,CHRONIC ULCERATIVE COLITIS
BCL2,CHRONIC ULCERATIVE COLITIS
STAT4,CHRONIC ULCERATIVE COLITIS
IL12A,CHRONIC ULCERATIVE COLITIS
IL12B,CHRONIC ULCERATIVE COLITIS
CD44,CHRONIC ULCERATIVE COLITIS
IL5,CHRONIC ULCERATIVE COLITIS
STAT6,CHRONIC ULCERATIVE COLITIS
SDC1,CHRONIC ULCERATIVE COLITIS
MMP9,CHRONIC ULCERATIVE COLITIS
IL6,CHRONIC ULCERATIVE COLITIS
CABIN1,CHRONIC ULCERATIVE COLITIS
STAT3,CHRONIC ULCERATIVE COLITIS
CCR9,CHRONIC ULCERATIVE COLITIS
ADM,CHRONIC ULCERATIVE COLITIS
TNFRSF25,CHRONIC ULCERATIVE COLITIS
VWF,CHRONIC ULCERATIVE COLITIS
IL17F,CHRONIC ULCERATIVE COLITIS
SOCS3,CHRONIC ULCERATIVE COLITIS
CTLA4,CHRONIC ULCERATIVE COLITIS
RBM45,CHRONIC ULCERATIVE COLITIS
IL23R,CHRONIC ULCERATIVE COLITIS
CXCR2,CHRONIC ULCERATIVE COLITIS
ALB,CHRONIC ULCERATIVE COLITIS
TXN,CHRONIC ULCERATIVE COLITIS
HLA-G,CHRONIC ULCERATIVE COLITIS
VDR,CHRONIC ULCERATIVE COLITIS
IL17A,CHRONIC ULCERATIVE COLITIS
MIR155,CHRONIC ULCERATIVE COLITIS
MSC,CHRONIC ULCERATIVE COLITIS
ALOX5,CHRONIC ULCERATIVE COLITIS
CEACAM5,CHRONIC ULCERATIVE COLITIS
PTPN11,CHRONIC ULCERATIVE COLITIS
CD14,CHRONIC ULCERATIVE COLITIS
TLR3,CHRONIC ULCERATIVE COLITIS
S100A12,CHRONIC ULCERATIVE COLITIS
IL22,CHRONIC ULCERATIVE COLITIS
GATA3,CHRONIC ULCERATIVE COLITIS
CXCL2,CHRONIC ULCERATIVE COLITIS
MIR21,CHRONIC ULCERATIVE COLITIS
VIP,CHRONIC ULCERATIVE COLITIS
CD79A,CHRONIC ULCERATIVE COLITIS
MPO,CHRONIC ULCERATIVE COLITIS
STAT1,CHRONIC ULCERATIVE COLITIS
IL9,CHRONIC ULCERATIVE COLITIS
TAC1,CHRONIC ULCERATIVE COLITIS
SST,CHRONIC ULCERATIVE COLITIS
ST2,CHRONIC ULCERATIVE COLITIS
HSPA4,CHRONIC ULCERATIVE COLITIS
CCR6,CHRONIC ULCERATIVE COLITIS
IGHE,CHRONIC ULCERATIVE COLITIS
IL17RA,CHRONIC ULCERATIVE COLITIS
NLRP3,CHRONIC ULCERATIVE COLITIS
MST1,CHRONIC ULCERATIVE COLITIS
WNT5A,CHRONIC ULCERATIVE COLITIS
ABCB1,CHRONIC ULCERATIVE COLITIS
MIR126,CHRONIC ULCERATIVE COLITIS
AKT1,CHRONIC ULCERATIVE COLITIS
CDH1,CHRONIC ULCERATIVE COLITIS
IFNB1,CHRONIC ULCERATIVE COLITIS
CCL7,CHRONIC ULCERATIVE COLITIS
MADCAM1,CHRONIC ULCERATIVE COLITIS
TNC,CHRONIC ULCERATIVE COLITIS
MMP1,CHRONIC ULCERATIVE COLITIS
RNASE3,CHRONIC ULCERATIVE COLITIS
ITGAE,CHRONIC ULCERATIVE COLITIS
EPX,CHRONIC ULCERATIVE COLITIS
CCL16,CHRONIC ULCERATIVE COLITIS
S100B,CHRONIC ULCERATIVE COLITIS
CXCR3,CHRONIC ULCERATIVE COLITIS
BGLAP,CHRONIC ULCERATIVE COLITIS
REG4,CHRONIC ULCERATIVE COLITIS
S100A9,CHRONIC ULCERATIVE COLITIS
PECAM1,CHRONIC ULCERATIVE COLITIS
KRT76,CHRONIC ULCERATIVE COLITIS
CCL3,CHRONIC ULCERATIVE COLITIS
CNR1,CHRONIC ULCERATIVE COLITIS
GPBAR1,CHRONIC ULCERATIVE COLITIS
CCND1,CHRONIC ULCERATIVE COLITIS
MRAP,CHRONIC ULCERATIVE COLITIS
SCAI,CHRONIC ULCERATIVE COLITIS
MSH2,CHRONIC ULCERATIVE COLITIS
NKX2-3,CHRONIC ULCERATIVE COLITIS
MTHFR,CHRONIC ULCERATIVE COLITIS
TBX21,CHRONIC ULCERATIVE COLITIS
TCN2,CHRONIC ULCERATIVE COLITIS
CAT,CHRONIC ULCERATIVE COLITIS
TRAP1,CHRONIC ULCERATIVE COLITIS
MICB,CHRONIC ULCERATIVE COLITIS
ALPI,CHRONIC ULCERATIVE COLITIS
HMGB2,CHRONIC ULCERATIVE COLITIS
GPR35,CHRONIC ULCERATIVE COLITIS
MIR142,CHRONIC ULCERATIVE COLITIS
RTCA,CHRONIC ULCERATIVE COLITIS
GHRL,CHRONIC ULCERATIVE COLITIS
IRAK1,CHRONIC ULCERATIVE COLITIS
H19,CHRONIC ULCERATIVE COLITIS
MTFMT,CHRONIC ULCERATIVE COLITIS
PCLAF,CHRONIC ULCERATIVE COLITIS
ADIPOQ,CHRONIC ULCERATIVE COLITIS
SLC9A3,CHRONIC ULCERATIVE COLITIS
SLC11A1,CHRONIC ULCERATIVE COLITIS
TIMP1,CHRONIC ULCERATIVE COLITIS
GUCY2C,CHRONIC ULCERATIVE COLITIS
IL27,CHRONIC ULCERATIVE COLITIS
RNF186,CHRONIC ULCERATIVE COLITIS
SLC3A2,CHRONIC ULCERATIVE COLITIS
PRDX1,CHRONIC ULCERATIVE COLITIS
PGF,CHRONIC ULCERATIVE COLITIS
SEMA4A,CHRONIC ULCERATIVE COLITIS
GCG,CHRONIC ULCERATIVE COLITIS
MIR146A,CHRONIC ULCERATIVE COLITIS
GUCA2B,CHRONIC ULCERATIVE COLITIS
KCNE3,CHRONIC ULCERATIVE COLITIS
NOD1,CHRONIC ULCERATIVE COLITIS
REG1A,CHRONIC ULCERATIVE COLITIS
DMBT1,CHRONIC ULCERATIVE COLITIS
IL37,CHRONIC ULCERATIVE COLITIS
BECN1,CHRONIC ULCERATIVE COLITIS
IGHG3,CHRONIC ULCERATIVE COLITIS
ACAT2,CHRONIC ULCERATIVE COLITIS
IL7R,CHRONIC ULCERATIVE COLITIS
MUC5AC,CHRONIC ULCERATIVE COLITIS
NAMPT,CHRONIC ULCERATIVE COLITIS
FGFR1,CHRONIC ULCERATIVE COLITIS
CLDN1,CHRONIC ULCERATIVE COLITIS
JAK3,CHRONIC ULCERATIVE COLITIS
S100A8,CHRONIC ULCERATIVE COLITIS
CSF3,CHRONIC ULCERATIVE COLITIS
CLDN2,CHRONIC ULCERATIVE COLITIS
CPB2,CHRONIC ULCERATIVE COLITIS
KLRK1,CHRONIC ULCERATIVE COLITIS
MME,CHRONIC ULCERATIVE COLITIS
CHGA,CHRONIC ULCERATIVE COLITIS
MIR29A,CHRONIC ULCERATIVE COLITIS
CA1,CHRONIC ULCERATIVE COLITIS
MAPK8,CHRONIC ULCERATIVE COLITIS
HMGB1,CHRONIC ULCERATIVE COLITIS
IL1A,CHRONIC ULCERATIVE COLITIS
MIR31,CHRONIC ULCERATIVE COLITIS
XRCC3,CHRONIC ULCERATIVE COLITIS
MIR490,CHRONIC ULCERATIVE COLITIS
IL1RL1,CHRONIC ULCERATIVE COLITIS
KDR,CHRONIC ULCERATIVE COLITIS
MPZ,CHRONIC ULCERATIVE COLITIS
EIM,CHRONIC ULCERATIVE COLITIS
EXOSC1,CHRONIC ULCERATIVE COLITIS
SOCS1,CHRONIC ULCERATIVE COLITIS
HIF1A,CHRONIC ULCERATIVE COLITIS
CCL25,CHRONIC ULCERATIVE COLITIS
LRG1,CHRONIC ULCERATIVE COLITIS
CXCL5,CHRONIC ULCERATIVE COLITIS
EBI3,CHRONIC ULCERATIVE COLITIS
NFE2L2,CHRONIC ULCERATIVE COLITIS
TNFRSF11B,CHRONIC ULCERATIVE COLITIS
KCNQ1,CHRONIC ULCERATIVE COLITIS
SPRED2,CHRONIC ULCERATIVE COLITIS
S100A4,CHRONIC ULCERATIVE COLITIS
CSK,CHRONIC ULCERATIVE COLITIS
TLR2,CHRONIC ULCERATIVE COLITIS
S1PR1,CHRONIC ULCERATIVE COLITIS
GUCA2A,CHRONIC ULCERATIVE COLITIS
GH1,CHRONIC ULCERATIVE COLITIS
NR0B1,CHRONIC ULCERATIVE COLITIS
AHR,CHRONIC ULCERATIVE COLITIS
XBP1,CHRONIC ULCERATIVE COLITIS
MIR499A,CHRONIC ULCERATIVE COLITIS
IKBKB,CHRONIC ULCERATIVE COLITIS
FOXO3,CHRONIC ULCERATIVE COLITIS
PRMT5,CHRONIC ULCERATIVE COLITIS
MUC1,CHRONIC ULCERATIVE COLITIS
MMP3,CHRONIC ULCERATIVE COLITIS
CLEC7A,CHRONIC ULCERATIVE COLITIS
ACE,CHRONIC ULCERATIVE COLITIS
RMC1,CHRONIC ULCERATIVE COLITIS
CCT4,CHRONIC ULCERATIVE COLITIS
DAP,CHRONIC ULCERATIVE COLITIS
TRAF3IP2,CHRONIC ULCERATIVE COLITIS
ATG16L1,CHRONIC ULCERATIVE COLITIS
MIR192,CHRONIC ULCERATIVE COLITIS
APTX,COGAN SYNDROME
CRPPA,COGAN SYNDROME
SETX,COGAN SYNDROME
PNKP,COGAN SYNDROME
PTPRJ,COGAN SYNDROME
GJB2,COGAN SYNDROME
LTF,CROHN'S DISEASE
IL18,CROHN'S DISEASE
TBX21,CROHN'S DISEASE
TNF,CROHN'S DISEASE
IL6,CROHN'S DISEASE
CD14,CROHN'S DISEASE
IL1B,CROHN'S DISEASE
IBD5,CROHN'S DISEASE
IL11,CROHN'S DISEASE
CD79A,CROHN'S DISEASE
GH1,CROHN'S DISEASE
CXCL8,CROHN'S DISEASE
LYZ,CROHN'S DISEASE
IL12A,CROHN'S DISEASE
IL12B,CROHN'S DISEASE
IL2RA,CROHN'S DISEASE
NOD2,CROHN'S DISEASE
SERPINA1,CROHN'S DISEASE
MMP3,CROHN'S DISEASE
CCL25,CROHN'S DISEASE
HLA-E,CROHN'S DISEASE
ICAM1,CROHN'S DISEASE
IL10,CROHN'S DISEASE
IL18BP,CROHN'S DISEASE
FCGR1A,CROHN'S DISEASE
PTGS2,CROHN'S DISEASE
CAT,CROHN'S DISEASE
IGF1,CROHN'S DISEASE
RNASE3,CROHN'S DISEASE
SPP1,CROHN'S DISEASE
BCHE,CROHN'S DISEASE
CSF3,CROHN'S DISEASE
IL27,CROHN'S DISEASE
TLR5,CROHN'S DISEASE
NFKB1,CROHN'S DISEASE
MMP9,CROHN'S DISEASE
RBM45,CROHN'S DISEASE
TGFB1,CROHN'S DISEASE
DEFB4A,CROHN'S DISEASE
IGAN1,CROHN'S DISEASE
ACE,CROHN'S DISEASE
IFNG,CROHN'S DISEASE
CD40LG,CROHN'S DISEASE
FN1,CROHN'S DISEASE
DLG5,CROHN'S DISEASE
HLA-DRB4,CROHN'S DISEASE
VDR,CROHN'S DISEASE
IL23R,CROHN'S DISEASE
VEGFA,CROHN'S DISEASE
FGF2,CROHN'S DISEASE
CD69,CROHN'S DISEASE
TNFSF15,CROHN'S DISEASE
IL10RA,CROHN'S DISEASE
PTPN22,CROHN'S DISEASE
TLR4,CROHN'S DISEASE
IL2,CROHN'S DISEASE
IL22,CROHN'S DISEASE
CSF2,CROHN'S DISEASE
STAT3,CROHN'S DISEASE
HLA-G,CROHN'S DISEASE
ATG16L1,CROHN'S DISEASE
TBC1D9,CROHN'S DISEASE
HSPA4,CROHN'S DISEASE
CCL2,CROHN'S DISEASE
CCR9,CROHN'S DISEASE
STAT4,CROHN'S DISEASE
TNFRSF11B,CROHN'S DISEASE
MBL2,CROHN'S DISEASE
POMC,CROHN'S DISEASE
CRP,CROHN'S DISEASE
CXCL16,CROHN'S DISEASE
NFKB1,CROHN'S DISEASE
NFKB2,CROHN'S DISEASE
RELA,CROHN'S DISEASE
RELB,CROHN'S DISEASE
REL,CROHN'S DISEASE
LEP,CROHN'S DISEASE
SLC22A4,CROHN'S DISEASE
P2RX7,CROHN'S DISEASE
CCL5,CROHN'S DISEASE
VIP,CROHN'S DISEASE
EVA1C,CROHN'S DISEASE
CLDN2,CROHN'S DISEASE
SDC1,CROHN'S DISEASE
SPINK1,CROHN'S DISEASE
PTPN2,CROHN'S DISEASE
JAK2,CROHN'S DISEASE
STAT1,CROHN'S DISEASE
LTA,CROHN'S DISEASE
MMP2,CROHN'S DISEASE
SOD1,CROHN'S DISEASE
HLA-C,CROHN'S DISEASE
ADIPOQ,CROHN'S DISEASE
CD80,CROHN'S DISEASE
IL23A,CROHN'S DISEASE
SLC11A1,CROHN'S DISEASE
IL37,CROHN'S DISEASE
MYDGF,CROHN'S DISEASE
KLRK1,CROHN'S DISEASE
ALB,CROHN'S DISEASE
AOC1,CROHN'S DISEASE
PLA2G1B,CROHN'S DISEASE
IRGM,CROHN'S DISEASE
FOXP3,CROHN'S DISEASE
TP53,CROHN'S DISEASE
IL17A,CROHN'S DISEASE
LCN2,CROHN'S DISEASE
NAMPT,CROHN'S DISEASE
TIMP1,CROHN'S DISEASE
IL17F,CROHN'S DISEASE
ENTPD1,CROHN'S DISEASE
AHSG,CROHN'S DISEASE
AHR,CROHN'S DISEASE
IL12B,CROHN'S DISEASE
CXCL10,CROHN'S DISEASE
NLRP3,CROHN'S DISEASE
FOXO3,CROHN'S DISEASE
PTGER4,CROHN'S DISEASE
GCG,CROHN'S DISEASE
TYK2,CROHN'S DISEASE
TAC1,CROHN'S DISEASE
IGHM,CROHN'S DISEASE
IL1A,CROHN'S DISEASE
IL5,CROHN'S DISEASE
SAA1,CROHN'S DISEASE
HSPA2,CROHN'S DISEASE
TMEM201,CROHN'S DISEASE
ICAM3,CROHN'S DISEASE
CISH,CROHN'S DISEASE
CCR2,CROHN'S DISEASE
HLA-B,CROHN'S DISEASE
IL6R,CROHN'S DISEASE
HLA-DRB1,CROHN'S DISEASE
IL4R,CROHN'S DISEASE
IL33,CROHN'S DISEASE
IGFBP5,CROHN'S DISEASE
BGLAP,CROHN'S DISEASE
GLS,CROHN'S DISEASE
KIR2DL3,CROHN'S DISEASE
MADCAM1,CROHN'S DISEASE
MUC2,CROHN'S DISEASE
MIF,CROHN'S DISEASE
CARD8,CROHN'S DISEASE
GAST,CROHN'S DISEASE
LCT,CROHN'S DISEASE
CSF1R,CROHN'S DISEASE
IL21,CROHN'S DISEASE
MSH2,CROHN'S DISEASE
PTGS1,CROHN'S DISEASE
SSTR5,CROHN'S DISEASE
FUT3,CROHN'S DISEASE
EIF2A,CROHN'S DISEASE
KCNN4,CROHN'S DISEASE
NELFCD,CROHN'S DISEASE
KIR2DL2,CROHN'S DISEASE
MEFV,CROHN'S DISEASE
IBD3,CROHN'S DISEASE
CD40,CROHN'S DISEASE
ARTN,CROHN'S DISEASE
RAF1,CROHN'S DISEASE
MCL1,CROHN'S DISEASE
NCR1,CROHN'S DISEASE
GPX2,CROHN'S DISEASE
RABEPK,CROHN'S DISEASE
LRRK2,CROHN'S DISEASE
TNFRSF6B,CROHN'S DISEASE
IL13,CROHN'S DISEASE
TCF7L2,CROHN'S DISEASE
GP2,CROHN'S DISEASE
RPSA,CROHN'S DISEASE
ACKR2,CROHN'S DISEASE
MIR31,CROHN'S DISEASE
DMBT1,CROHN'S DISEASE
INS,CROHN'S DISEASE
TFF3,CROHN'S DISEASE
NKX2-3,CROHN'S DISEASE
CEACAM6,CROHN'S DISEASE
FUT2,CROHN'S DISEASE
NOX1,CROHN'S DISEASE
CASP8,CROHN'S DISEASE
CXCL9,CROHN'S DISEASE
IL31,CROHN'S DISEASE
TPMT,CROHN'S DISEASE
PGLYRP1,CROHN'S DISEASE
S100A12,CROHN'S DISEASE
TRAF3IP2,CROHN'S DISEASE
IL18RAP,CROHN'S DISEASE
CASP3,CROHN'S DISEASE
PLD2,CROHN'S DISEASE
NCF4,CROHN'S DISEASE
IL26,CROHN'S DISEASE
FFAR4,CROHN'S DISEASE
SEMA4A,CROHN'S DISEASE
SLC22A5,CROHN'S DISEASE
CCR7,CROHN'S DISEASE
CTLA4,CROHN'S DISEASE
CD274,CROHN'S DISEASE
XBP1,CROHN'S DISEASE
CNTNAP3,CROHN'S DISEASE
CCL11,CROHN'S DISEASE
CTNNB1,CROHN'S DISEASE
EXOSC1,CROHN'S DISEASE
IL17C,CROHN'S DISEASE
ANXA1,CROHN'S DISEASE
KLRB1,CROHN'S DISEASE
IRF5,CROHN'S DISEASE
GPBAR1,CROHN'S DISEASE
TGFB2,CROHN'S DISEASE
EIF2AK4,CROHN'S DISEASE
LY75,CROHN'S DISEASE
EIF2S1,CROHN'S DISEASE
CHUK,CROHN'S DISEASE
MIP,CROHN'S DISEASE
NR2C2,CROHN'S DISEASE
ATF4,CROHN'S DISEASE
NFKBIA,CROHN'S DISEASE
PF4,CROHN'S DISEASE
CEACAM5,CROHN'S DISEASE
CNR2,CROHN'S DISEASE
DEFA5,CROHN'S DISEASE
NELL1,CROHN'S DISEASE
LRBA,CROHN'S DISEASE
ARSD,CROHN'S DISEASE
ORMDL3,CROHN'S DISEASE
FAP,CROHN'S DISEASE
GPX1,CROHN'S DISEASE
SLCO6A1,CROHN'S DISEASE
RTN1,CROHN'S DISEASE
MSC,CROHN'S DISEASE
EIM,CROHN'S DISEASE
BDNF,FIBROMYALGIA
TNF,FIBROMYALGIA
GH1,FIBROMYALGIA
HPSE,FIBROMYALGIA
CRP,FIBROMYALGIA
IL6,FIBROMYALGIA
IL1B,FIBROMYALGIA
SCN9A,FIBROMYALGIA
TAC1,FIBROMYALGIA
CRH,FIBROMYALGIA
NGF,FIBROMYALGIA
IGF1,FIBROMYALGIA
PRL,FIBROMYALGIA
CXCL8,FIBROMYALGIA
TKT,FIBROMYALGIA
CAT,FIBROMYALGIA
LEP,FIBROMYALGIA
SLC6A4,FIBROMYALGIA
COMT,FIBROMYALGIA
NPY,FIBROMYALGIA
ZNF77,FIBROMYALGIA
MAP1LC3A,FIBROMYALGIA
ASIC3,FIBROMYALGIA
WAS,FIBROMYALGIA
LXN,FIBROMYALGIA
TNF,GRANULOMATOSIS WITH POLYANGIITIS
PRTN3,GRANULOMATOSIS WITH POLYANGIITIS
MS4A1,GRANULOMATOSIS WITH POLYANGIITIS
IFNA1,GRANULOMATOSIS WITH POLYANGIITIS
IL10,GRANULOMATOSIS WITH POLYANGIITIS
CD28,GRANULOMATOSIS WITH POLYANGIITIS
BPI,GRANULOMATOSIS WITH POLYANGIITIS
FCGR1A,GRANULOMATOSIS WITH POLYANGIITIS
HLA-DPB1,GRANULOMATOSIS WITH POLYANGIITIS
MPO,GRANULOMATOSIS WITH POLYANGIITIS
AAVS1,GRANULOMATOSIS WITH POLYANGIITIS
CCR5,GRANULOMATOSIS WITH POLYANGIITIS
HMGB1,GRANULOMATOSIS WITH POLYANGIITIS
TNFSF13B,GRANULOMATOSIS WITH POLYANGIITIS
ICAM1,GRANULOMATOSIS WITH POLYANGIITIS
CCR4,GRANULOMATOSIS WITH POLYANGIITIS
CD248,GRANULOMATOSIS WITH POLYANGIITIS
IL21,GRANULOMATOSIS WITH POLYANGIITIS
AVP,GRANULOMATOSIS WITH POLYANGIITIS
TNF,HENOCH-SCHONLEIN PURPURA
HLA-DRB1,HENOCH-SCHONLEIN PURPURA
IGAN1,HENOCH-SCHONLEIN PURPURA
CD79A,HENOCH-SCHONLEIN PURPURA
VEGFA,HENOCH-SCHONLEIN PURPURA
IL10,HENOCH-SCHONLEIN PURPURA
FCAR,HENOCH-SCHONLEIN PURPURA
MEFV,HENOCH-SCHONLEIN PURPURA
LCN2,HENOCH-SCHONLEIN PURPURA
IL33,HENOCH-SCHONLEIN PURPURA
IGHA1,HENOCH-SCHONLEIN PURPURA
MMP9,HENOCH-SCHONLEIN PURPURA
HMGB1,HENOCH-SCHONLEIN PURPURA
IGHM,HENOCH-SCHONLEIN PURPURA
VWF,HENOCH-SCHONLEIN PURPURA
EDN1,HENOCH-SCHONLEIN PURPURA
IL6,HENOCH-SCHONLEIN PURPURA
CXCL8,HENOCH-SCHONLEIN PURPURA
ICAM1,KAWASAKI DISEASE
TNF,KAWASAKI DISEASE
MMP9,KAWASAKI DISEASE
IFNG,KAWASAKI DISEASE
FCGR2A,KAWASAKI DISEASE
ANGPT1,KAWASAKI DISEASE
IL6,KAWASAKI DISEASE
CXCL10,KAWASAKI DISEASE
FCGR2B,KAWASAKI DISEASE
CRP,KAWASAKI DISEASE
TGFB1,KAWASAKI DISEASE
IL4,KAWASAKI DISEASE
VEGFA,KAWASAKI DISEASE
FCER2,KAWASAKI DISEASE
HLA-DRB1,KAWASAKI DISEASE
ACE,KAWASAKI DISEASE
S100A12,KAWASAKI DISEASE
CCR5,KAWASAKI DISEASE
CIMT,KAWASAKI DISEASE
IL1B,KAWASAKI DISEASE
IGHM,KAWASAKI DISEASE
FASLG,KAWASAKI DISEASE
IL10,KAWASAKI DISEASE
RETN,KAWASAKI DISEASE
CD209,KAWASAKI DISEASE
CD40LG,KAWASAKI DISEASE
CCL5,KAWASAKI DISEASE
IL2RA,KAWASAKI DISEASE
HSPD1,KAWASAKI DISEASE
GOPC,KAWASAKI DISEASE
ITPKC,KAWASAKI DISEASE
FGF23,KAWASAKI DISEASE
IL1A,KAWASAKI DISEASE
CD79A,KAWASAKI DISEASE
EVA1C,KAWASAKI DISEASE
CCL3L1,KAWASAKI DISEASE
CCL17,KAWASAKI DISEASE
CSF3,KAWASAKI DISEASE
NR3C1,KAWASAKI DISEASE
NOTCH4,KAWASAKI DISEASE
CD40,KAWASAKI DISEASE
CSF1,KAWASAKI DISEASE
ALB,KAWASAKI DISEASE
FN1,KAWASAKI DISEASE
CD8A,KAWASAKI DISEASE
SELL,KAWASAKI DISEASE
TLR2,KAWASAKI DISEASE
ADIPOQ,KAWASAKI DISEASE
MIR200C,KAWASAKI DISEASE
TNNI3,KAWASAKI DISEASE
SELE,KAWASAKI DISEASE
IGHE,KAWASAKI DISEASE
ITGB2,KAWASAKI DISEASE
SMAD6,KAWASAKI DISEASE
CCL2,KAWASAKI DISEASE
HAMP,KAWASAKI DISEASE
BLK,KAWASAKI DISEASE
IL21,KAWASAKI DISEASE
CD2,KAWASAKI DISEASE
NFKB1,KAWASAKI DISEASE
NFKB2,KAWASAKI DISEASE
RELA,KAWASAKI DISEASE
RELB,KAWASAKI DISEASE
REL,KAWASAKI DISEASE
THPO,KAWASAKI DISEASE
CASP3,KAWASAKI DISEASE
CXCL1,KAWASAKI DISEASE
MBL2,KAWASAKI DISEASE
SOD1,LYME DISEASE
IL2RA,LYME DISEASE
RRP1,LYME DISEASE
FN1,LYME DISEASE
PROC,LYME DISEASE
TNF,LYME DISEASE
IL10,LYME DISEASE
TLR2,LYME DISEASE
NAPA,LYME DISEASE
DCN,LYME DISEASE
CFH,LYME DISEASE
NT5C2,LYME DISEASE
MIR155,LYME DISEASE
CLDN11,LYME DISEASE
HTRA1,LYME DISEASE
IL4,LYME DISEASE
RAD51,LYME DISEASE
IGHM,LYME DISEASE
TLR1,LYME DISEASE
IL17A,LYME DISEASE
VHLL,LYME DISEASE
IL1A,LYME DISEASE
POLD3,LYME DISEASE
KARS1,LYME DISEASE
IFNG,LYME DISEASE
IL12A,LYME DISEASE
IL12B,LYME DISEASE
RNR2,LYME DISEASE
ITGAL,LYME DISEASE
UPK3B,LYME DISEASE
IFNA1,LYME DISEASE
CDK5R2,LYME DISEASE
YBX3,LYME DISEASE
YBX1,LYME DISEASE
YBX3,LYME DISEASE
ANXA2,LYME DISEASE
PLAUR,LYME DISEASE
EEF1A1,LYME DISEASE
IL23A,LYME DISEASE
RHBDL2,LYME DISEASE
IL11,LYME DISEASE
CD14,LYME DISEASE
DDX46,LYME DISEASE
SERPINF2,LYME DISEASE
P3H3,LYME DISEASE
HLA-E,LYME DISEASE
TRIM69,LYME DISEASE
TOP2A,LYME DISEASE
IL1B,LYME DISEASE
IL6,LYME DISEASE
MYD88,LYME DISEASE
MMP9,LYME DISEASE
SYK,LYME DISEASE
HSPD1,LYME DISEASE
CCL2,LYME DISEASE
GAPDH,LYME DISEASE
TAC1,LYME DISEASE
EXOSC1,LYME DISEASE
CXCR2,LYME DISEASE
DAG1,LYME DISEASE
PLG,LYME DISEASE
IFNB1,LYME DISEASE
RHOBTB2,LYME DISEASE
CARS1,LYME DISEASE
CARS2,LYME DISEASE
EPO,POLYCYTHEMIA
VEGFA,POLYCYTHEMIA
NFE2,POLYCYTHEMIA
EGLN1,POLYCYTHEMIA
EPOR,POLYCYTHEMIA
JAK2,POLYCYTHEMIA
SLC30A10,POLYCYTHEMIA
ACE,POLYCYTHEMIA
EPAS1,POLYCYTHEMIA
VHL,POLYCYTHEMIA
SENP1,POLYCYTHEMIA
HAMP,POLYCYTHEMIA
ACO1,POLYCYTHEMIA
TFRC,POLYCYTHEMIA
PPP1R12C,POLYCYTHEMIA
HBG2,POLYCYTHEMIA
IL10,PSORIASIS
ADA,PSORIASIS
MIF,PSORIASIS
IL6,PSORIASIS
MMP9,PSORIASIS
TNF,PSORIASIS
CXCL8,PSORIASIS
CP,PSORIASIS
HLA-E,PSORIASIS
HLA-C,PSORIASIS
NFKB1,PSORIASIS
IL4,PSORIASIS
POMC,PSORIASIS
IL12A,PSORIASIS
IL12B,PSORIASIS
VEGFA,PSORIASIS
TNFRSF1A,PSORIASIS
IFNA1,PSORIASIS
TP53,PSORIASIS
PLG,PSORIASIS
IL17B,PSORIASIS
VDR,PSORIASIS
IL23R,PSORIASIS
IL22,PSORIASIS
ITGAL,PSORIASIS
CRP,PSORIASIS
IL1B,PSORIASIS
IL23A,PSORIASIS
ACE,PSORIASIS
IL1A,PSORIASIS
LEP,PSORIASIS
CCR6,PSORIASIS
HLA-DRB4,PSORIASIS
NGF,PSORIASIS
EDN1,PSORIASIS
PTGS2,PSORIASIS
CDKN2A,PSORIASIS
IFNG,PSORIASIS
PPARG,PSORIASIS
IL18,PSORIASIS
NOS2,PSORIASIS
TGFB1,PSORIASIS
CSF2,PSORIASIS
SOD1,PSORIASIS
IL17A,PSORIASIS
LCN2,PSORIASIS
MIR31,PSORIASIS
IL13,PSORIASIS
IL17F,PSORIASIS
BCL2,PSORIASIS
IL2,PSORIASIS
IL2RA,PSORIASIS
FOXP3,PSORIASIS
TAC1,PSORIASIS
EGF,PSORIASIS
HIF1A,PSORIASIS
CCL5,PSORIASIS
IL37,PSORIASIS
PRL,PSORIASIS
AKT1,PSORIASIS
ELANE,PSORIASIS
NOTCH1,PSORIASIS
IL33,PSORIASIS
NFKB1,PSORIASIS
NFKB2,PSORIASIS
RELA,PSORIASIS
RELB,PSORIASIS
REL,PSORIASIS
CD19,PSORIASIS
ICAM1,PSORIASIS
IL17RA,PSORIASIS
TNFAIP3,PSORIASIS
RETN,PSORIASIS
CTNNB1,PSORIASIS
EGFR,PSORIASIS
IL1A,PSORIASIS
CCL2,PSORIASIS
ADIPOQ,PSORIASIS
MIR21,PSORIASIS
CHI3L1,PSORIASIS
STAT3,PSORIASIS
TLR7,PSORIASIS
SPP1,PSORIASIS
MTOR,PSORIASIS
IL21,PSORIASIS
WNT5A,PSORIASIS
TLR4,PSORIASIS
ALOX5,PSORIASIS
PLAT,PSORIASIS
ALB,PSORIASIS
GH1,PSORIASIS
MIR146A,PSORIASIS
HMGB1,PSORIASIS
CXCL10,PSORIASIS
MPO,PSORIASIS
SELE,PSORIASIS
TREM1,PSORIASIS
MIR155,PSORIASIS
RARRES2,PSORIASIS
TLR9,PSORIASIS
SELL,PSORIASIS
TEK,PSORIASIS
PTH,PSORIASIS
ADCY1,PSORIASIS
CDSN,PSORIASIS
CCHCR1,PSORIASIS
SST,PSORIASIS
SERPINB13,PSORIASIS
EIF2AK1,PSORIASIS
HLA-DQA1,PSORIASIS
FAS,PSORIASIS
FASLG,PSORIASIS
IGAN1,PSORIASIS
CRH,PSORIASIS
MVD,PSORIASIS
TGFA,PSORIASIS
PI3,PSORIASIS
TAP2,PSORIASIS
RABEPK,PSORIASIS
ARG1,PSORIASIS
IL20,PSORIASIS
PRKD1,PSORIASIS
S100A14,PSORIASIS
IL19,PSORIASIS
ITGB2,PSORIASIS
TNC,PSORIASIS
VIP,PSORIASIS
JUN,PSORIASIS
HDAC9,PSORIASIS
MAPK3,PSORIASIS
CX3CR1,PSORIASIS
OCLN,PSORIASIS
PLAAT4,PSORIASIS
LYN,PSORIASIS
CLEC7A,PSORIASIS
ZNF750,PSORIASIS
CRHR1,PSORIASIS
DUT,PSORIASIS
FGF7,PSORIASIS
MASP2,PSORIASIS
CD4,PSORIASIS
CCR5,PSORIASIS
LCE3C,PSORIASIS
TLR8,PSORIASIS
S100A9,PSORIASIS
S100B,PSORIASIS
JUNB,PSORIASIS
ADAM33,PSORIASIS
KCNA3,PSORIASIS
BSG,PSORIASIS
PLA2G1B,PSORIASIS
TLR2,PSORIASIS
HLA-G,PSORIASIS
GLP1R,PSORIASIS
FLG,PSORIASIS
IL17C,PSORIASIS
KLRB1,PSORIASIS
KLK7,PSORIASIS
RPTOR,PSORIASIS
NR4A2,PSORIASIS
HLA-B,PSORIASIS
APOE,PSORIASIS
CD2,PSORIASIS
PTPN22,PSORIASIS
CD163,PSORIASIS
ENPEP,PSORIASIS
PPARD,PSORIASIS
KRT10,PSORIASIS
HLA-DRB3,PSORIASIS
HMOX1,PSORIASIS
LCE3B,PSORIASIS
CIMT,PSORIASIS
ELOVL6,PSORIASIS
DEFB4A,PSORIASIS
TJP1,PSORIASIS
IL20RB,PSORIASIS
ERAP1,PSORIASIS
KRT17,PSORIASIS
SMAD7,PSORIASIS
CAV1,PSORIASIS
MMP19,PSORIASIS
CD40LG,PSORIASIS
TAP1,PSORIASIS
JAK1,PSORIASIS
CXCL9,PSORIASIS
KDR,PSORIASIS
IGF1R,PSORIASIS
AREG,PSORIASIS
LEPR,PSORIASIS
IL12B,PSORIASIS
IL9,PSORIASIS
COMT,PSORIASIS
FGF10,PSORIASIS
TGM1,PSORIASIS
S100A8,PSORIASIS
ALOX12,PSORIASIS
AOC1,PSORIASIS
MTHFR,PSORIASIS
SIRT1,PSORIASIS
S100A7,PSORIASIS
NUCB2,PSORIASIS
SOCS3,PSORIASIS
CAMP,PSORIASIS
ARMH1,PSORIASIS
PDE4A,PSORIASIS
MIR1266,PSORIASIS
IFIH1,PSORIASIS
CXCR3,PSORIASIS
ADAM17,PSORIASIS
HSPB3,PSORIASIS
NFKBIA,PSORIASIS
PDC,PSORIASIS
NT5C2,PSORIASIS
HRH4,PSORIASIS
NR4A1,PSORIASIS
GRN,PSORIASIS
PROK2,PSORIASIS
IL27,PSORIASIS
CD274,PSORIASIS
RAC1,PSORIASIS
OSM,PSORIASIS
IL24,PSORIASIS
CD69,PSORIASIS
CD109,PSORIASIS
CD28,PSORIASIS
PEPD,PSORIASIS
CCN1,PSORIASIS
BDNF,PSORIASIS
REL,PSORIASIS
CARD14,PSORIASIS
NFATC1,PSORIASIS
FOSL1,PSORIASIS
TYK2,PSORIASIS
TRAF3IP2,PSORIASIS
MIR203A,PSORIASIS
HPGDS,PSORIASIS
CTSK,PSORIASIS
TSLP,PSORIASIS
ATP6V0A4,PSORIASIS
TRIB3,PSORIASIS
KLK1,PSORIASIS
S100A4,PSORIASIS
HP,PSORIASIS
CKAP4,PSORIASIS
LGALS1,PSORIASIS
GCG,PSORIASIS
IL31,PSORIASIS
TNIP1,PSORIASIS
DUSP1,PSORIASIS
LANCL1,PSORIASIS
PPARA,PSORIASIS
MUC1,PSORIASIS
CXCR4,PSORIASIS
CD6,PSORIASIS
FNDC5,PSORIASIS
CDR3,PSORIASIS
NFE2L2,PSORIASIS
CXCR2,PSORIASIS
CCL20,PSORIASIS
IL16,PSORIASIS
RUNX3,PSORIASIS
PDCD1,PSORIASIS
DPP4,PSORIASIS
IFI16,PSORIASIS
NRIP1,PSORIASIS
IGF1,PSORIASIS
CABIN1,PSORIASIS
CLEC16A,PSORIASIS
PSORS4,PSORIASIS
IGHE,PSORIASIS
KLK8,PSORIASIS
GATA3,PSORIASIS
IL36RN,PSORIASIS
MIR99A,PSORIASIS
MIR491,PSORIASIS
IL22RA2,PSORIASIS
CD79A,PSORIASIS
INSRR,PSORIASIS
CXCL11,PSORIASIS
TREX2,PSORIASIS
SELP,PSORIASIS
GPRIN1,PSORIASIS
ANGPTL6,PSORIASIS
SERPINB3,PSORIASIS
ITLN1,PSORIASIS
PRRT2,PSORIASIS
TRPV1,PSORIASIS
G6PD,PSORIASIS
AKR1B10,PSORIASIS
CCR4,PSORIASIS
CCR9,PSORIASIS
ADAM23,PSORIASIS
CD1A,PSORIASIS
S100A12,PSORIASIS
HAMP,PSORIASIS
CTSS,PSORIASIS
CKLF,PSORIASIS
KRT16,PSORIASIS
IL11,PSORIASIS
GSTT1,PSORIASIS
CCNE1,PSORIASIS
ODC1,PSORIASIS
NDUFB6,PSORIASIS
FLVCR1,PSORIASIS
IL1RN,PSORIASIS
CCN2,PSORIASIS
PRINS,PSORIASIS
CCR2,PSORIASIS
FABP5,PSORIASIS
PRKCA,PSORIASIS
MYOM2,PSORIASIS
CXCL1,PSORIASIS
RHCE,PSORIASIS
TLR3,PSORIASIS
IL15,PSORIASIS
SERPINE1,PSORIASIS
IL36A,PSORIASIS
CCR10,PSORIASIS
IL1RL2,PSORIASIS
PSORS1C1,PSORIASIS
SELPLG,PSORIASIS
CCR1,PSORIASIS
TNFSF11,PSORIASIS
CD80,PSORIASIS
KLK6,PSORIASIS
LPA,PSORIASIS
DEFB104A,PSORIASIS
KIR3DL1,PSORIASIS
MSX2,PSORIASIS
KRT14,PSORIASIS
RPSA,PSORIASIS
PGLYRP2,PSORIASIS
IL36G,PSORIASIS
MIR205,PSORIASIS
EMD,PSORIASIS
KRT5,PSORIASIS
MIR142,PSORIASIS
IFNB1,PSORIASIS
PRS,PSORIASIS
CASP14,PSORIASIS
ETV3,PSORIASIS
MBTPS1,PSORIASIS
NTRK1,PSORIASIS
PML,PSORIASIS
HLA-DRB1,PSORIASIS
MIR135B,PSORIASIS
MIR378A,PSORIASIS
ADAMTSL5,PSORIASIS
TIMP3,PSORIASIS
TRAF6,PSORIASIS
IRAK1,PSORIASIS
LYZ,SARCOIDOSIS
CD80,SARCOIDOSIS
IL12A,SARCOIDOSIS
IL12B,SARCOIDOSIS
TNF,SARCOIDOSIS
CD79A,SARCOIDOSIS
RBM45,SARCOIDOSIS
ACE,SARCOIDOSIS
CD8A,SARCOIDOSIS
MUC1,SARCOIDOSIS
MMP9,SARCOIDOSIS
TIMP2,SARCOIDOSIS
IL6,SARCOIDOSIS
VEGFA,SARCOIDOSIS
SCGB1A1,SARCOIDOSIS
IL18,SARCOIDOSIS
IL2RA,SARCOIDOSIS
POMC,SARCOIDOSIS
FAS,SARCOIDOSIS
CD14,SARCOIDOSIS
AKT1,SARCOIDOSIS
CD86,SARCOIDOSIS
HLA-E,SARCOIDOSIS
IFNG,SARCOIDOSIS
ALB,SARCOIDOSIS
IL1A,SARCOIDOSIS
CCR5,SARCOIDOSIS
MT1JP,SARCOIDOSIS
TAP1,SARCOIDOSIS
CSF2,SARCOIDOSIS
HLA-DRB4,SARCOIDOSIS
EDN1,SARCOIDOSIS
SPP1,SARCOIDOSIS
CD4,SARCOIDOSIS
IL10,SARCOIDOSIS
TP53,SARCOIDOSIS
CXCL8,SARCOIDOSIS
FN1,SARCOIDOSIS
BTNL2,SARCOIDOSIS
B2M,SARCOIDOSIS
TGFB1,SARCOIDOSIS
IL4,SARCOIDOSIS
IL2,SARCOIDOSIS
TAP2,SARCOIDOSIS
ESAT,SARCOIDOSIS
VIP,SARCOIDOSIS
CCL2,SARCOIDOSIS
NOD1,SARCOIDOSIS
PPARG,SARCOIDOSIS
IFNA1,SARCOIDOSIS
TLR9,SARCOIDOSIS
PTH,SARCOIDOSIS
TF,SARCOIDOSIS
IGHM,SARCOIDOSIS
CXCL10,SARCOIDOSIS
NOD2,SARCOIDOSIS
FOXP3,SARCOIDOSIS
STAT1,SARCOIDOSIS
CD274,SARCOIDOSIS
CCL5,SARCOIDOSIS
SST,SARCOIDOSIS
HSPA4,SARCOIDOSIS
THM,SARCOIDOSIS
TST,SARCOIDOSIS
IL27,SARCOIDOSIS
VIM,SARCOIDOSIS
PDCD1,SARCOIDOSIS
IL1B,SARCOIDOSIS
MTOR,SARCOIDOSIS
CRP,SARCOIDOSIS
EPO,SARCOIDOSIS
HLA-B,SARCOIDOSIS
MMP2,SARCOIDOSIS
TNFSF13B,SARCOIDOSIS
SAA1,SARCOIDOSIS
HLA-DRB1,SARCOIDOSIS
CDK9,SARCOIDOSIS
CTLA4,SARCOIDOSIS
HIF1A,SARCOIDOSIS
ADA,SARCOIDOSIS
IL1RN,SARCOIDOSIS
IGAN1,SARCOIDOSIS
FCGR3A,SARCOIDOSIS
CHI3L1,SARCOIDOSIS
HGF,SARCOIDOSIS
SLC11A1,SARCOIDOSIS
NGF,SARCOIDOSIS
TBX21,SARCOIDOSIS
IL17A,SARCOIDOSIS
TLR2,SARCOIDOSIS
NTM,SARCOIDOSIS
AVP,SARCOIDOSIS
ICAM1,SARCOIDOSIS
IFNB1,SARCOIDOSIS
FCGR3B,SARCOIDOSIS
TNFRSF1B,SARCOIDOSIS
FHIT,SARCOIDOSIS
IGHE,SARCOIDOSIS
TLR4,SARCOIDOSIS
CBLIF,SARCOIDOSIS
NFKB1,SARCOIDOSIS
NFKB2,SARCOIDOSIS
RELA,SARCOIDOSIS
RELB,SARCOIDOSIS
REL,SARCOIDOSIS
IL23R,SARCOIDOSIS
TNFRSF13B,SARCOIDOSIS
ITGAE,SARCOIDOSIS
HLA-G,SARCOIDOSIS
MRC1,SARCOIDOSIS
ANXA11,SARCOIDOSIS
MGMT,SARCOIDOSIS
TNFRSF25,SARCOIDOSIS
ING4,SARCOIDOSIS
NELFCD,SARCOIDOSIS
C10orf67,SARCOIDOSIS
ZNF398,SARCOIDOSIS
FCGR2A,SARCOIDOSIS
NDC80,SARCOIDOSIS
THBD,SCLERODERMA
IL12A,SCLERODERMA
IL12B,SCLERODERMA
TNC,SCLERODERMA
F2,SCLERODERMA
IL2,SCLERODERMA
ENG,SCLERODERMA
DCN,SCLERODERMA
HLA-DPB1,SCLERODERMA
VCAM1,SCLERODERMA
TGFB1,SCLERODERMA
CCN2,SCLERODERMA
CXCL10,SCLERODERMA
IL4,SCLERODERMA
ITGAL,SCLERODERMA
FBN1,SCLERODERMA
IL2RA,SCLERODERMA
CTSG,SCLERODERMA
CCL18,SCLERODERMA
FN1,SCLERODERMA
PRL,SCLERODERMA
CCL2,SCLERODERMA
IL37,SCLERODERMA
IL10,SCLERODERMA
ELN,SCLERODERMA
MIR21,SCLERODERMA
IL17B,SCLERODERMA
SPP1,SCLERODERMA
S100A4,SCLERODERMA
PF4,SCLERODERMA
CD19,SCLERODERMA
EDN1,SCLERODERMA
CAV1,SCLERODERMA
VEGFA,SCLERODERMA
MMP12,SCLERODERMA
NGF,SCLERODERMA
TNF,SCLERODERMA
CRP,SCLERODERMA
IL6,SCLERODERMA
SMAD1,SCLERODERMA
IFNG,SCLERODERMA
IL13,SCLERODERMA
NCAM1,SCLERODERMA
HGF,SCLERODERMA
CSF3,SCLERODERMA
ACTA2,SCLERODERMA
PTX3,SCLERODERMA
TOP1,SCLERODERMA
IL21,SCLERODERMA
FLI1,SCLERODERMA
PARP1,SCLERODERMA
ALB,SCLERODERMA
ACE,SCLERODERMA
AGTR1,SCLERODERMA
UTS2,SCLERODERMA
IL1A,SCLERODERMA
PRTN3,SCLERODERMA
ICAM1,SCLERODERMA
TNFSF13B,SCLERODERMA
MPO,SCLERODERMA
COMP,SCLERODERMA
IL1A,SCLERODERMA
MMP1,SCLERODERMA
MMP3,SCLERODERMA
ADIPOQ,SCLERODERMA
EGR1,SCLERODERMA
TNFSF4,SCLERODERMA
LGALS3,SCLERODERMA
MIF,SCLERODERMA
SIRT1,SCLERODERMA
STAT3,SCLERODERMA
IL22,SCLERODERMA
THPO,SCLERODERMA
KITLG,SCLERODERMA
MMP9,SCLERODERMA
ADA,SCLERODERMA
CCR2,SCLERODERMA
TIMP1,SCLERODERMA
BCL2,SCLERODERMA
HLA-DRB1,SCLERODERMA
VWF,SCLERODERMA
CXCR4,SCLERODERMA
CTNNB1,SCLERODERMA
CD40LG,SCLERODERMA
TLR4,SCLERODERMA
CD40,SCLERODERMA
GLB1,SCLERODERMA
SP1,SCLERODERMA
MUC1,SCLERODERMA
SMAD3,SCLERODERMA
SMAD7,SCLERODERMA
FAS,SCLERODERMA
RBM45,SCLERODERMA
CCL3,SCLERODERMA
SPARC,SCLERODERMA
MMP2,SCLERODERMA
THBS1,SCLERODERMA
HP,SCLERODERMA
STAT4,SCLERODERMA
ADAM17,SCLERODERMA
MAPK8,SCLERODERMA
ESR1,SCLERODERMA
CCL5,SCLERODERMA
PPARG,SCLERODERMA
CXCR3,SCLERODERMA
CD79A,SCLERODERMA
IL17A,SCLERODERMA
MAPK3,SCLERODERMA
KDR,SCLERODERMA
DKK1,SCLERODERMA
MIR29A,SCLERODERMA
TBX21,SCLERODERMA
MSR1,SCLERODERMA
LOX,SCLERODERMA
HLA-DRB4,SCLERODERMA
AGT,SCLERODERMA
IL33,SCLERODERMA
IRF5,SCLERODERMA
MIR155,SCLERODERMA
CD163,SCLERODERMA
MS4A1,SCLERODERMA
POSTN,SCLERODERMA
MAPK1,SCLERODERMA
TLR8,SCLERODERMA
CXCL8,SCLERODERMA
NFKB1,SCLERODERMA
NFKB2,SCLERODERMA
RELA,SCLERODERMA
RELB,SCLERODERMA
REL,SCLERODERMA
MMRN1,SCLERODERMA
TLR3,SCLERODERMA
CD14,SCLERODERMA
SERPINE2,SCLERODERMA
CEBPZ,SCLERODERMA
CXCL12,SCLERODERMA
EXOSC10,SCLERODERMA
TGFBR1,SCLERODERMA
IL15,SCLERODERMA
NOX4,SCLERODERMA
BDNF,SCLERODERMA
JUND,SCLERODERMA
FCN2,SCLERODERMA
SERPINH1,SCLERODERMA
CD226,SCLERODERMA
SNRNP70,SCLERODERMA
PTH,SCLERODERMA
AQP3,SCLERODERMA
PPBP,SCLERODERMA
COL1A1,SCLERODERMA
TNFRSF11B,SCLERODERMA
FBL,SCLERODERMA
EGFR,SCLERODERMA
PCNA,SCLERODERMA
TNIP1,SCLERODERMA
ERVW-4,SCLERODERMA
CDK5,SCLERODERMA
CD69,SCLERODERMA
MMP13,SCLERODERMA
IFI16,SCLERODERMA
IFNA1,SCLERODERMA
DNAJC5,SCLERODERMA
PTPN22,SCLERODERMA
MRSS,SCLERODERMA
PDGFRB,SCLERODERMA
TRIM21,SCLERODERMA
TIMP2,SCLERODERMA
MGP,SCLERODERMA
EP300,SCLERODERMA
SIGLEC1,SCLERODERMA
COL1A2,SCLERODERMA
SERPINE1,SCLERODERMA
LSM2,SCLERODERMA
TMEM11,SCLERODERMA
SOX5,SCLERODERMA
EGFL7,SCLERODERMA
CD109,SCLERODERMA
FOSL2,SCLERODERMA
THM,SCLERODERMA
CCL13,SCLERODERMA
CD247,SCLERODERMA
PDGFRA,SCLERODERMA
HTR2A,SCLERODERMA
RBFOX2,SCLERODERMA
PTPA,SCLERODERMA
NOTCH4,SCLERODERMA
LILRB1,SCLERODERMA
HT,SCLERODERMA
WIF1,SCLERODERMA
EPHB2,SCLERODERMA
THY1,SCLERODERMA
SMAD2,SCLERODERMA
CA5A,SCLERODERMA
KLF5,SCLERODERMA
ANGPT2,SCLERODERMA
IRF7,SCLERODERMA
PTBP1,SCLERODERMA
MBL2,SCLERODERMA
TIE1,SCLERODERMA
TREX1,SCLERODERMA
TRIB3,SCLERODERMA
ERI1,SCLERODERMA
SERPINF2,SCLERODERMA
KRT1,SCLERODERMA
SERPINF1,SCLERODERMA
ICOS,SCLERODERMA
FGF2,SCLERODERMA
TGFB2,SCLERODERMA
SEMA3E,SCLERODERMA
CENPA,SCLERODERMA
VGLL3,SCLERODERMA
PTP4A1,SCLERODERMA
TLR9,SCLERODERMA
IL9,SCLERODERMA
IL1RN,SCLERODERMA
MSC,SCLERODERMA
VNN1,SCLERODERMA
CD28,SCLERODERMA
HTR1A,SCLERODERMA
SERPINA1,SCLERODERMA
POLR3A,SCLERODERMA
EDNRA,SCLERODERMA
TNFRSF10B,SCLERODERMA
PRS,SCLERODERMA
FASLG,SJOGREN'S SYNDROME
LTF,SJOGREN'S SYNDROME
TNFSF13B,SJOGREN'S SYNDROME
IL10,SJOGREN'S SYNDROME
MUC16,SJOGREN'S SYNDROME
LILRA3,SJOGREN'S SYNDROME
AQP1,SJOGREN'S SYNDROME
CXCL13,SJOGREN'S SYNDROME
IL2,SJOGREN'S SYNDROME
B2M,SJOGREN'S SYNDROME
BCL2,SJOGREN'S SYNDROME
IL6,SJOGREN'S SYNDROME
TRIM21,SJOGREN'S SYNDROME
SSB,SJOGREN'S SYNDROME
IFNA1,SJOGREN'S SYNDROME
IL12A,SJOGREN'S SYNDROME
IL12B,SJOGREN'S SYNDROME
MS4A1,SJOGREN'S SYNDROME
IL2RA,SJOGREN'S SYNDROME
SPTAN1,SJOGREN'S SYNDROME
TLR9,SJOGREN'S SYNDROME
ADAM17,SJOGREN'S SYNDROME
CXCL10,SJOGREN'S SYNDROME
EGF,SJOGREN'S SYNDROME
RO60,SJOGREN'S SYNDROME
ELANE,SJOGREN'S SYNDROME
NFKB1,SJOGREN'S SYNDROME
MUC5AC,SJOGREN'S SYNDROME
AQP4,SJOGREN'S SYNDROME
TTR,SJOGREN'S SYNDROME
IL17A,SJOGREN'S SYNDROME
SMAD4,SJOGREN'S SYNDROME
IFNG,SJOGREN'S SYNDROME
ABCA1,SJOGREN'S SYNDROME
IL1B,SJOGREN'S SYNDROME
TGFB1,SJOGREN'S SYNDROME
IL27,SJOGREN'S SYNDROME
IL18,SJOGREN'S SYNDROME
AQP5,SJOGREN'S SYNDROME
THBS1,SJOGREN'S SYNDROME
MRGPRF,SJOGREN'S SYNDROME
FAS,SJOGREN'S SYNDROME
NFKB1,SJOGREN'S SYNDROME
NFKB2,SJOGREN'S SYNDROME
RELA,SJOGREN'S SYNDROME
RELB,SJOGREN'S SYNDROME
REL,SJOGREN'S SYNDROME
IL1A,SJOGREN'S SYNDROME
E2F1,SJOGREN'S SYNDROME
CA2,SJOGREN'S SYNDROME
PPARG,SJOGREN'S SYNDROME
LYZ,SJOGREN'S SYNDROME
THM,SJOGREN'S SYNDROME
CD79A,SJOGREN'S SYNDROME
CTSS,SJOGREN'S SYNDROME
IL4,SJOGREN'S SYNDROME
CXCL12,SJOGREN'S SYNDROME
TNF,SJOGREN'S SYNDROME
GAS6,SJOGREN'S SYNDROME
PSMB8,SJOGREN'S SYNDROME
SPP1,SJOGREN'S SYNDROME
KLK4,SJOGREN'S SYNDROME
TNFRSF25,SJOGREN'S SYNDROME
SST,SJOGREN'S SYNDROME
LEP,SJOGREN'S SYNDROME
ATG5,SJOGREN'S SYNDROME
AKT1,SJOGREN'S SYNDROME
MUC1,SJOGREN'S SYNDROME
MIR146A,SJOGREN'S SYNDROME
LTBR,SJOGREN'S SYNDROME
LEPR,SJOGREN'S SYNDROME
IL33,SJOGREN'S SYNDROME
HGF,SJOGREN'S SYNDROME
HMGB1,SJOGREN'S SYNDROME
MIF,SJOGREN'S SYNDROME
MAP1LC3B,SJOGREN'S SYNDROME
TBCE,SJOGREN'S SYNDROME
LCN1,SJOGREN'S SYNDROME
CRISP3,SJOGREN'S SYNDROME
TRIM68,SJOGREN'S SYNDROME
SNRPG,SJOGREN'S SYNDROME
LMNA,SJOGREN'S SYNDROME
SPAST,SJOGREN'S SYNDROME
ID3,SJOGREN'S SYNDROME
MSN,SJOGREN'S SYNDROME
LRP2,SJOGREN'S SYNDROME
PSS,SJOGREN'S SYNDROME
IL12A,SYSTEMIC LUPUS ERYTHEMATOSUS
IL12B,SYSTEMIC LUPUS ERYTHEMATOSUS
IFNA1,SYSTEMIC LUPUS ERYTHEMATOSUS
TNFRSF1B,SYSTEMIC LUPUS ERYTHEMATOSUS
CD40LG,SYSTEMIC LUPUS ERYTHEMATOSUS
PRL,SYSTEMIC LUPUS ERYTHEMATOSUS
IL18,SYSTEMIC LUPUS ERYTHEMATOSUS
IL2RA,SYSTEMIC LUPUS ERYTHEMATOSUS
IGHM,SYSTEMIC LUPUS ERYTHEMATOSUS
CCL2,SYSTEMIC LUPUS ERYTHEMATOSUS
CR1,SYSTEMIC LUPUS ERYTHEMATOSUS
TNF,SYSTEMIC LUPUS ERYTHEMATOSUS
HLA-DRB1,SYSTEMIC LUPUS ERYTHEMATOSUS
IL10,SYSTEMIC LUPUS ERYTHEMATOSUS
FAS,SYSTEMIC LUPUS ERYTHEMATOSUS
HLA-E,SYSTEMIC LUPUS ERYTHEMATOSUS
LEP,SYSTEMIC LUPUS ERYTHEMATOSUS
ACE,SYSTEMIC LUPUS ERYTHEMATOSUS
IL4,SYSTEMIC LUPUS ERYTHEMATOSUS
IFNG,SYSTEMIC LUPUS ERYTHEMATOSUS
CD19,SYSTEMIC LUPUS ERYTHEMATOSUS
EVA1C,SYSTEMIC LUPUS ERYTHEMATOSUS
AVP,SYSTEMIC LUPUS ERYTHEMATOSUS
BCL2,SYSTEMIC LUPUS ERYTHEMATOSUS
C4A,SYSTEMIC LUPUS ERYTHEMATOSUS
FCGR1A,SYSTEMIC LUPUS ERYTHEMATOSUS
SSB,SYSTEMIC LUPUS ERYTHEMATOSUS
TNFRSF9,SYSTEMIC LUPUS ERYTHEMATOSUS
THBD,SYSTEMIC LUPUS ERYTHEMATOSUS
THM,SYSTEMIC LUPUS ERYTHEMATOSUS
TNFRSF25,SYSTEMIC LUPUS ERYTHEMATOSUS
VWF,SYSTEMIC LUPUS ERYTHEMATOSUS
CRP,SYSTEMIC LUPUS ERYTHEMATOSUS
MIF,SYSTEMIC LUPUS ERYTHEMATOSUS
IRF5,SYSTEMIC LUPUS ERYTHEMATOSUS
TLR7,SYSTEMIC LUPUS ERYTHEMATOSUS
SYK,SYSTEMIC LUPUS ERYTHEMATOSUS
IL17A,SYSTEMIC LUPUS ERYTHEMATOSUS
CD5,SYSTEMIC LUPUS ERYTHEMATOSUS
TLR9,SYSTEMIC LUPUS ERYTHEMATOSUS
CD79A,SYSTEMIC LUPUS ERYTHEMATOSUS
ICAM1,SYSTEMIC LUPUS ERYTHEMATOSUS
IL15,SYSTEMIC LUPUS ERYTHEMATOSUS
MBL2,SYSTEMIC LUPUS ERYTHEMATOSUS
TNFSF13B,SYSTEMIC LUPUS ERYTHEMATOSUS
IL13,SYSTEMIC LUPUS ERYTHEMATOSUS
TGFB1,SYSTEMIC LUPUS ERYTHEMATOSUS
CSF3,SYSTEMIC LUPUS ERYTHEMATOSUS
ICOS,SYSTEMIC LUPUS ERYTHEMATOSUS
FCGR2A,SYSTEMIC LUPUS ERYTHEMATOSUS
LCN2,SYSTEMIC LUPUS ERYTHEMATOSUS
ALB,SYSTEMIC LUPUS ERYTHEMATOSUS
MS4A1,SYSTEMIC LUPUS ERYTHEMATOSUS
CTLA4,SYSTEMIC LUPUS ERYTHEMATOSUS
C3,SYSTEMIC LUPUS ERYTHEMATOSUS
FASLG,SYSTEMIC LUPUS ERYTHEMATOSUS
NGF,SYSTEMIC LUPUS ERYTHEMATOSUS
IL6,SYSTEMIC LUPUS ERYTHEMATOSUS
IL1RN,SYSTEMIC LUPUS ERYTHEMATOSUS
NR3C1,SYSTEMIC LUPUS ERYTHEMATOSUS
VEGFA,SYSTEMIC LUPUS ERYTHEMATOSUS
PDCD1,SYSTEMIC LUPUS ERYTHEMATOSUS
IL2,SYSTEMIC LUPUS ERYTHEMATOSUS
FCGR3B,SYSTEMIC LUPUS ERYTHEMATOSUS
APOH,SYSTEMIC LUPUS ERYTHEMATOSUS
DNASE1,SYSTEMIC LUPUS ERYTHEMATOSUS
TP53,SYSTEMIC LUPUS ERYTHEMATOSUS
TBX21,SYSTEMIC LUPUS ERYTHEMATOSUS
HSP90AA1,SYSTEMIC LUPUS ERYTHEMATOSUS
IL23R,SYSTEMIC LUPUS ERYTHEMATOSUS
STAT4,SYSTEMIC LUPUS ERYTHEMATOSUS
B2M,SYSTEMIC LUPUS ERYTHEMATOSUS
PROC,SYSTEMIC LUPUS ERYTHEMATOSUS
ADIPOQ,SYSTEMIC LUPUS ERYTHEMATOSUS
TNFAIP3,SYSTEMIC LUPUS ERYTHEMATOSUS
TNFRSF13C,SYSTEMIC LUPUS ERYTHEMATOSUS
HMGB1,SYSTEMIC LUPUS ERYTHEMATOSUS
F2,SYSTEMIC LUPUS ERYTHEMATOSUS
TNFRSF1A,SYSTEMIC LUPUS ERYTHEMATOSUS
ITGAL,SYSTEMIC LUPUS ERYTHEMATOSUS
ADA,SYSTEMIC LUPUS ERYTHEMATOSUS
ANXA5,SYSTEMIC LUPUS ERYTHEMATOSUS
IL1B,SYSTEMIC LUPUS ERYTHEMATOSUS
IL21R,SYSTEMIC LUPUS ERYTHEMATOSUS
GPI,SYSTEMIC LUPUS ERYTHEMATOSUS
STAT3,SYSTEMIC LUPUS ERYTHEMATOSUS
PPARG,SYSTEMIC LUPUS ERYTHEMATOSUS
TNFSF4,SYSTEMIC LUPUS ERYTHEMATOSUS
CD40,SYSTEMIC LUPUS ERYTHEMATOSUS
SERPINE1,SYSTEMIC LUPUS ERYTHEMATOSUS
SOCS1,SYSTEMIC LUPUS ERYTHEMATOSUS
NFKB1,SYSTEMIC LUPUS ERYTHEMATOSUS
NFKB2,SYSTEMIC LUPUS ERYTHEMATOSUS
RELA,SYSTEMIC LUPUS ERYTHEMATOSUS
RELB,SYSTEMIC LUPUS ERYTHEMATOSUS
REL,SYSTEMIC LUPUS ERYTHEMATOSUS
PTPN22,SYSTEMIC LUPUS ERYTHEMATOSUS
FCGR2B,SYSTEMIC LUPUS ERYTHEMATOSUS
FOXP3,SYSTEMIC LUPUS ERYTHEMATOSUS
MMP9,SYSTEMIC LUPUS ERYTHEMATOSUS
CD274,SYSTEMIC LUPUS ERYTHEMATOSUS
IL21,SYSTEMIC LUPUS ERYTHEMATOSUS
CD14,SYSTEMIC LUPUS ERYTHEMATOSUS
HLA-DRB4,SYSTEMIC LUPUS ERYTHEMATOSUS
IL22,SYSTEMIC LUPUS ERYTHEMATOSUS
CXCR4,SYSTEMIC LUPUS ERYTHEMATOSUS
TLR4,SYSTEMIC LUPUS ERYTHEMATOSUS
CDR3,SYSTEMIC LUPUS ERYTHEMATOSUS
CD28,SYSTEMIC LUPUS ERYTHEMATOSUS
FN1,SYSTEMIC LUPUS ERYTHEMATOSUS
CXCL8,SYSTEMIC LUPUS ERYTHEMATOSUS
MAPK8,SYSTEMIC LUPUS ERYTHEMATOSUS
IL37,SYSTEMIC LUPUS ERYTHEMATOSUS
CXCL13,SYSTEMIC LUPUS ERYTHEMATOSUS
CCR5,SYSTEMIC LUPUS ERYTHEMATOSUS
MIR146A,SYSTEMIC LUPUS ERYTHEMATOSUS
ESR1,SYSTEMIC LUPUS ERYTHEMATOSUS
PON1,SYSTEMIC LUPUS ERYTHEMATOSUS
FUT1,SYSTEMIC LUPUS ERYTHEMATOSUS
SPP1,SYSTEMIC LUPUS ERYTHEMATOSUS
ITGAM,SYSTEMIC LUPUS ERYTHEMATOSUS
MPO,SYSTEMIC LUPUS ERYTHEMATOSUS
STAT1,SYSTEMIC LUPUS ERYTHEMATOSUS
PLG,SYSTEMIC LUPUS ERYTHEMATOSUS
RBM45,SYSTEMIC LUPUS ERYTHEMATOSUS
C5AR1,SYSTEMIC LUPUS ERYTHEMATOSUS
IGHE,SYSTEMIC LUPUS ERYTHEMATOSUS
PTX3,SYSTEMIC LUPUS ERYTHEMATOSUS
CXCL12,SYSTEMIC LUPUS ERYTHEMATOSUS
SOD1,SYSTEMIC LUPUS ERYTHEMATOSUS
CXCR3,SYSTEMIC LUPUS ERYTHEMATOSUS
TLR2,SYSTEMIC LUPUS ERYTHEMATOSUS
VDR,SYSTEMIC LUPUS ERYTHEMATOSUS
CD44,SYSTEMIC LUPUS ERYTHEMATOSUS
IL23A,SYSTEMIC LUPUS ERYTHEMATOSUS
IL1A,SYSTEMIC LUPUS ERYTHEMATOSUS
IL27,SYSTEMIC LUPUS ERYTHEMATOSUS
HAVCR2,SYSTEMIC LUPUS ERYTHEMATOSUS
MTOR,SYSTEMIC LUPUS ERYTHEMATOSUS
IL9,SYSTEMIC LUPUS ERYTHEMATOSUS
MSC,SYSTEMIC LUPUS ERYTHEMATOSUS
CXCL10,SYSTEMIC LUPUS ERYTHEMATOSUS
MMP3,SYSTEMIC LUPUS ERYTHEMATOSUS
LTA,SYSTEMIC LUPUS ERYTHEMATOSUS
MIR155,SYSTEMIC LUPUS ERYTHEMATOSUS
MIR21,SYSTEMIC LUPUS ERYTHEMATOSUS
CD27,SYSTEMIC LUPUS ERYTHEMATOSUS
AHR,SYSTEMIC LUPUS ERYTHEMATOSUS
IL33,SYSTEMIC LUPUS ERYTHEMATOSUS
MYD88,SYSTEMIC LUPUS ERYTHEMATOSUS
TFPI,SYSTEMIC LUPUS ERYTHEMATOSUS
CD72,SYSTEMIC LUPUS ERYTHEMATOSUS
CDR1,SYSTEMIC LUPUS ERYTHEMATOSUS
POMC,SYSTEMIC LUPUS ERYTHEMATOSUS
IGAN1,SYSTEMIC LUPUS ERYTHEMATOSUS
TG,SYSTEMIC LUPUS ERYTHEMATOSUS
MTHFR,SYSTEMIC LUPUS ERYTHEMATOSUS
HLA-DRB5,SYSTEMIC LUPUS ERYTHEMATOSUS
TAP2,SYSTEMIC LUPUS ERYTHEMATOSUS
TNFSF10,SYSTEMIC LUPUS ERYTHEMATOSUS
THPO,SYSTEMIC LUPUS ERYTHEMATOSUS
TRIM21,SYSTEMIC LUPUS ERYTHEMATOSUS
HISTONE H1,SYSTEMIC LUPUS ERYTHEMATOSUS
ZNF423,SYSTEMIC LUPUS ERYTHEMATOSUS
NOS3,SYSTEMIC LUPUS ERYTHEMATOSUS
IL6R,SYSTEMIC LUPUS ERYTHEMATOSUS
COMP,SYSTEMIC LUPUS ERYTHEMATOSUS
A2M,SYSTEMIC LUPUS ERYTHEMATOSUS
AOPEP,SYSTEMIC LUPUS ERYTHEMATOSUS
CIMT,SYSTEMIC LUPUS ERYTHEMATOSUS
CHI3L1,SYSTEMIC LUPUS ERYTHEMATOSUS
SIGIRR,SYSTEMIC LUPUS ERYTHEMATOSUS
CD180,SYSTEMIC LUPUS ERYTHEMATOSUS
FXN,SYSTEMIC LUPUS ERYTHEMATOSUS
ETS1,SYSTEMIC LUPUS ERYTHEMATOSUS
F5,SYSTEMIC LUPUS ERYTHEMATOSUS
ABCB1,SYSTEMIC LUPUS ERYTHEMATOSUS
LMNB1,SYSTEMIC LUPUS ERYTHEMATOSUS
CLEC4C,SYSTEMIC LUPUS ERYTHEMATOSUS
IL4I1,SYSTEMIC LUPUS ERYTHEMATOSUS
TAP1,SYSTEMIC LUPUS ERYTHEMATOSUS
TYROBP,SYSTEMIC LUPUS ERYTHEMATOSUS
LYN,SYSTEMIC LUPUS ERYTHEMATOSUS
ADM,SYSTEMIC LUPUS ERYTHEMATOSUS
CD24,SYSTEMIC LUPUS ERYTHEMATOSUS
CALR,SYSTEMIC LUPUS ERYTHEMATOSUS
CD247,SYSTEMIC LUPUS ERYTHEMATOSUS
MECP2,SYSTEMIC LUPUS ERYTHEMATOSUS
C4B,SYSTEMIC LUPUS ERYTHEMATOSUS
PPBP,SYSTEMIC LUPUS ERYTHEMATOSUS
DNASE1L3,SYSTEMIC LUPUS ERYTHEMATOSUS
LMNA,SYSTEMIC LUPUS ERYTHEMATOSUS
PLA2G7,SYSTEMIC LUPUS ERYTHEMATOSUS
HLA-DPB1,SYSTEMIC LUPUS ERYTHEMATOSUS
SLEB3,SYSTEMIC LUPUS ERYTHEMATOSUS
OCA2,SYSTEMIC LUPUS ERYTHEMATOSUS
PTEN,SYSTEMIC LUPUS ERYTHEMATOSUS
TNIP1,SYSTEMIC LUPUS ERYTHEMATOSUS
CD22,SYSTEMIC LUPUS ERYTHEMATOSUS
TRAF1,SYSTEMIC LUPUS ERYTHEMATOSUS
MBP,SYSTEMIC LUPUS ERYTHEMATOSUS
IL17F,SYSTEMIC LUPUS ERYTHEMATOSUS
ELN,SYSTEMIC LUPUS ERYTHEMATOSUS
HLA-DMA,SYSTEMIC LUPUS ERYTHEMATOSUS
SAA1,SYSTEMIC LUPUS ERYTHEMATOSUS
RAG2,SYSTEMIC LUPUS ERYTHEMATOSUS
ADAR,SYSTEMIC LUPUS ERYTHEMATOSUS
TGM2,SYSTEMIC LUPUS ERYTHEMATOSUS
F3,SYSTEMIC LUPUS ERYTHEMATOSUS
SELPLG,SYSTEMIC LUPUS ERYTHEMATOSUS
PCNA,SYSTEMIC LUPUS ERYTHEMATOSUS
LRP1,SYSTEMIC LUPUS ERYTHEMATOSUS
TNFRSF13B,SYSTEMIC LUPUS ERYTHEMATOSUS
SNRPD1,SYSTEMIC LUPUS ERYTHEMATOSUS
MMP7,SYSTEMIC LUPUS ERYTHEMATOSUS
CCL3L1,SYSTEMIC LUPUS ERYTHEMATOSUS
TRIM68,SYSTEMIC LUPUS ERYTHEMATOSUS
PTK2B,SYSTEMIC LUPUS ERYTHEMATOSUS
CYP2D6,SYSTEMIC LUPUS ERYTHEMATOSUS
VCAM1,SYSTEMIC LUPUS ERYTHEMATOSUS
NUP62,SYSTEMIC LUPUS ERYTHEMATOSUS
PXK,SYSTEMIC LUPUS ERYTHEMATOSUS
TNFRSF11B,SYSTEMIC LUPUS ERYTHEMATOSUS
BDNF,SYSTEMIC LUPUS ERYTHEMATOSUS
LSM2,SYSTEMIC LUPUS ERYTHEMATOSUS
HGF,SYSTEMIC LUPUS ERYTHEMATOSUS
RETN,SYSTEMIC LUPUS ERYTHEMATOSUS
HSP90AB1,SYSTEMIC LUPUS ERYTHEMATOSUS
CFP,SYSTEMIC LUPUS ERYTHEMATOSUS
CD1C,SYSTEMIC LUPUS ERYTHEMATOSUS
EMB,SYSTEMIC LUPUS ERYTHEMATOSUS
IL5,SYSTEMIC LUPUS ERYTHEMATOSUS
LGALS3,SYSTEMIC LUPUS ERYTHEMATOSUS
TRAF6,SYSTEMIC LUPUS ERYTHEMATOSUS
TF,SYSTEMIC LUPUS ERYTHEMATOSUS
IFNA17,SYSTEMIC LUPUS ERYTHEMATOSUS
TNFRSF10A,SYSTEMIC LUPUS ERYTHEMATOSUS
LPL,SYSTEMIC LUPUS ERYTHEMATOSUS
MERTK,SYSTEMIC LUPUS ERYTHEMATOSUS
HLA-G,SYSTEMIC LUPUS ERYTHEMATOSUS
CLEC16A,SYSTEMIC LUPUS ERYTHEMATOSUS
LTF,SYSTEMIC LUPUS ERYTHEMATOSUS
SNRNP70,SYSTEMIC LUPUS ERYTHEMATOSUS
DNMT1,SYSTEMIC LUPUS ERYTHEMATOSUS
EGR2,SYSTEMIC LUPUS ERYTHEMATOSUS
DHX9,SYSTEMIC LUPUS ERYTHEMATOSUS
TNFRSF4,SYSTEMIC LUPUS ERYTHEMATOSUS
ACLY,SYSTEMIC LUPUS ERYTHEMATOSUS
IFI16,SYSTEMIC LUPUS ERYTHEMATOSUS
BCR,SYSTEMIC LUPUS ERYTHEMATOSUS
MX1,SYSTEMIC LUPUS ERYTHEMATOSUS
NCF2,SYSTEMIC LUPUS ERYTHEMATOSUS
PRDM1,SYSTEMIC LUPUS ERYTHEMATOSUS
CDKN1A,SYSTEMIC LUPUS ERYTHEMATOSUS
CREM,SYSTEMIC LUPUS ERYTHEMATOSUS
SEMG1,SYSTEMIC LUPUS ERYTHEMATOSUS
FCER2,SYSTEMIC LUPUS ERYTHEMATOSUS
FCRL3,SYSTEMIC LUPUS ERYTHEMATOSUS
MFGE8,SYSTEMIC LUPUS ERYTHEMATOSUS
GAS6,SYSTEMIC LUPUS ERYTHEMATOSUS
ADAMTS13,SYSTEMIC LUPUS ERYTHEMATOSUS
CIC,SYSTEMIC LUPUS ERYTHEMATOSUS
IRF3,SYSTEMIC LUPUS ERYTHEMATOSUS
IKZF1,SYSTEMIC LUPUS ERYTHEMATOSUS
GH1,SYSTEMIC LUPUS ERYTHEMATOSUS
AFF1,SYSTEMIC LUPUS ERYTHEMATOSUS
FCN2,SYSTEMIC LUPUS ERYTHEMATOSUS
IL12B,SYSTEMIC LUPUS ERYTHEMATOSUS
TREX1,SYSTEMIC LUPUS ERYTHEMATOSUS
IKBKE,SYSTEMIC LUPUS ERYTHEMATOSUS
NTRK1,SYSTEMIC LUPUS ERYTHEMATOSUS
PARP1,SYSTEMIC LUPUS ERYTHEMATOSUS
HSP90B1,SYSTEMIC LUPUS ERYTHEMATOSUS
IL1F10,SYSTEMIC LUPUS ERYTHEMATOSUS
CFH,SYSTEMIC LUPUS ERYTHEMATOSUS
NLRP3,SYSTEMIC LUPUS ERYTHEMATOSUS
RFX1,SYSTEMIC LUPUS ERYTHEMATOSUS
LY9,SYSTEMIC LUPUS ERYTHEMATOSUS
GSTM1,SYSTEMIC LUPUS ERYTHEMATOSUS
IL34,SYSTEMIC LUPUS ERYTHEMATOSUS
AICDA,SYSTEMIC LUPUS ERYTHEMATOSUS
PRKCD,SYSTEMIC LUPUS ERYTHEMATOSUS
C1R,SYSTEMIC LUPUS ERYTHEMATOSUS
C1S,SYSTEMIC LUPUS ERYTHEMATOSUS
ACTB,SYSTEMIC LUPUS ERYTHEMATOSUS
CD70,SYSTEMIC LUPUS ERYTHEMATOSUS
DKK1,SYSTEMIC LUPUS ERYTHEMATOSUS
EPO,SYSTEMIC LUPUS ERYTHEMATOSUS
LAIR1,SYSTEMIC LUPUS ERYTHEMATOSUS
MIR23B,SYSTEMIC LUPUS ERYTHEMATOSUS
NOD2,SYSTEMIC LUPUS ERYTHEMATOSUS
WDFY4,SYSTEMIC LUPUS ERYTHEMATOSUS
BLK,SYSTEMIC LUPUS ERYTHEMATOSUS
IRF1,SYSTEMIC LUPUS ERYTHEMATOSUS
TNFRSF6B,SYSTEMIC LUPUS ERYTHEMATOSUS
IFIH1,SYSTEMIC LUPUS ERYTHEMATOSUS
MDM2,SYSTEMIC LUPUS ERYTHEMATOSUS
FKBP11,SYSTEMIC LUPUS ERYTHEMATOSUS
CD276,SYSTEMIC LUPUS ERYTHEMATOSUS
IFNK,SYSTEMIC LUPUS ERYTHEMATOSUS
EPOR,SYSTEMIC LUPUS ERYTHEMATOSUS
CST3,SYSTEMIC LUPUS ERYTHEMATOSUS
JUND,SYSTEMIC LUPUS ERYTHEMATOSUS
RRP8,SYSTEMIC LUPUS ERYTHEMATOSUS
GNAQ,SYSTEMIC LUPUS ERYTHEMATOSUS
NRP1,SYSTEMIC LUPUS ERYTHEMATOSUS
PDGFB,SYSTEMIC LUPUS ERYTHEMATOSUS
TIMD4,SYSTEMIC LUPUS ERYTHEMATOSUS
LBR,SYSTEMIC LUPUS ERYTHEMATOSUS
ELK1,SYSTEMIC LUPUS ERYTHEMATOSUS
AQP4,SYSTEMIC LUPUS ERYTHEMATOSUS
RO60,SYSTEMIC LUPUS ERYTHEMATOSUS
HISTONE H2B,SYSTEMIC LUPUS ERYTHEMATOSUS
EGF,SYSTEMIC LUPUS ERYTHEMATOSUS
SIRT1,SYSTEMIC LUPUS ERYTHEMATOSUS
LGALS8,SYSTEMIC LUPUS ERYTHEMATOSUS
HSPA4,SYSTEMIC LUPUS ERYTHEMATOSUS
SERPINA1,SYSTEMIC LUPUS ERYTHEMATOSUS
PTPRC,SYSTEMIC LUPUS ERYTHEMATOSUS
SLAMF1,SYSTEMIC LUPUS ERYTHEMATOSUS
IL18BP,SYSTEMIC LUPUS ERYTHEMATOSUS
SDC1,SYSTEMIC LUPUS ERYTHEMATOSUS
XRCC1,SYSTEMIC LUPUS ERYTHEMATOSUS
REL,SYSTEMIC LUPUS ERYTHEMATOSUS
GRN,SYSTEMIC LUPUS ERYTHEMATOSUS
FCGR3A,SYSTEMIC LUPUS ERYTHEMATOSUS
FGF2,SYSTEMIC LUPUS ERYTHEMATOSUS
SLC6A4,SYSTEMIC LUPUS ERYTHEMATOSUS
NFIL3,SYSTEMIC LUPUS ERYTHEMATOSUS
AFP,SYSTEMIC LUPUS ERYTHEMATOSUS
IRF2,SYSTEMIC LUPUS ERYTHEMATOSUS
CAT,SYSTEMIC LUPUS ERYTHEMATOSUS
GPER1,SYSTEMIC LUPUS ERYTHEMATOSUS
TBK1,SYSTEMIC LUPUS ERYTHEMATOSUS
PIN1,SYSTEMIC LUPUS ERYTHEMATOSUS
IFI27,SYSTEMIC LUPUS ERYTHEMATOSUS
IFI44L,SYSTEMIC LUPUS ERYTHEMATOSUS
DUSP22,SYSTEMIC LUPUS ERYTHEMATOSUS
CD74,SYSTEMIC LUPUS ERYTHEMATOSUS
NFKB1,SYSTEMIC LUPUS ERYTHEMATOSUS
TPO,SYSTEMIC LUPUS ERYTHEMATOSUS
VSTM1,SYSTEMIC LUPUS ERYTHEMATOSUS
APOL1,SYSTEMIC LUPUS ERYTHEMATOSUS
KRT1,SYSTEMIC LUPUS ERYTHEMATOSUS
LGALS3BP,SYSTEMIC LUPUS ERYTHEMATOSUS
CFI,SYSTEMIC LUPUS ERYTHEMATOSUS
TRIB1,SYSTEMIC LUPUS ERYTHEMATOSUS
TNFRSF17,SYSTEMIC LUPUS ERYTHEMATOSUS
LEPR,SYSTEMIC LUPUS ERYTHEMATOSUS
WFDC21P,SYSTEMIC LUPUS ERYTHEMATOSUS
ATG5,SYSTEMIC LUPUS ERYTHEMATOSUS
IRAK1,SYSTEMIC LUPUS ERYTHEMATOSUS
KLRK1,SYSTEMIC LUPUS ERYTHEMATOSUS
APOM,SYSTEMIC LUPUS ERYTHEMATOSUS
HSPD1,SYSTEMIC LUPUS ERYTHEMATOSUS
TRAF3IP2,SYSTEMIC LUPUS ERYTHEMATOSUS
CASP10,SYSTEMIC LUPUS ERYTHEMATOSUS
C2,SYSTEMIC LUPUS ERYTHEMATOSUS
INSRR,SYSTEMIC LUPUS ERYTHEMATOSUS
CCR6,SYSTEMIC LUPUS ERYTHEMATOSUS
MAVS,SYSTEMIC LUPUS ERYTHEMATOSUS
APOA1,SYSTEMIC LUPUS ERYTHEMATOSUS
KLF13,SYSTEMIC LUPUS ERYTHEMATOSUS
UBE2L3,SYSTEMIC LUPUS ERYTHEMATOSUS
ID1,SYSTEMIC LUPUS ERYTHEMATOSUS
GABRP,SYSTEMIC LUPUS ERYTHEMATOSUS
NCAM1,SYSTEMIC LUPUS ERYTHEMATOSUS
PLAT,SYSTEMIC LUPUS ERYTHEMATOSUS
FLI1,SYSTEMIC LUPUS ERYTHEMATOSUS
TNFAIP8L2,SYSTEMIC LUPUS ERYTHEMATOSUS
SELL,SYSTEMIC LUPUS ERYTHEMATOSUS
CD69,SYSTEMIC LUPUS ERYTHEMATOSUS
VTCN1,SYSTEMIC LUPUS ERYTHEMATOSUS
GAS5,SYSTEMIC LUPUS ERYTHEMATOSUS
IL10RA,SYSTEMIC LUPUS ERYTHEMATOSUS
IL3,SYSTEMIC LUPUS ERYTHEMATOSUS
FCN3,SYSTEMIC LUPUS ERYTHEMATOSUS
IGF1,SYSTEMIC LUPUS ERYTHEMATOSUS
CR2,SYSTEMIC LUPUS ERYTHEMATOSUS
SERPINC1,SYSTEMIC LUPUS ERYTHEMATOSUS
IGHG1,SYSTEMIC LUPUS ERYTHEMATOSUS
CXCR5,SYSTEMIC LUPUS ERYTHEMATOSUS
TNFRSF12A,SYSTEMIC LUPUS ERYTHEMATOSUS
PTN,SYSTEMIC LUPUS ERYTHEMATOSUS
ZFP36,SYSTEMIC LUPUS ERYTHEMATOSUS
LGALS1,SYSTEMIC LUPUS ERYTHEMATOSUS
CD200,SYSTEMIC LUPUS ERYTHEMATOSUS
CD200R1,SYSTEMIC LUPUS ERYTHEMATOSUS
CLU,SYSTEMIC LUPUS ERYTHEMATOSUS
VIM,SYSTEMIC LUPUS ERYTHEMATOSUS
CGAS,SYSTEMIC LUPUS ERYTHEMATOSUS
BANK1,SYSTEMIC LUPUS ERYTHEMATOSUS
IFNL1,SYSTEMIC LUPUS ERYTHEMATOSUS
ABCD1,SYSTEMIC LUPUS ERYTHEMATOSUS
MIR126,SYSTEMIC LUPUS ERYTHEMATOSUS
ST2,SYSTEMIC LUPUS ERYTHEMATOSUS
KDM6B,SYSTEMIC LUPUS ERYTHEMATOSUS
TYK2,SYSTEMIC LUPUS ERYTHEMATOSUS
