"Drug","Gene","ICD","gene_ICD_ref","drug_gene_ref"
"ACTINONIN","ANPEP","AGE RELATED OSTEOPOROSIS","Pmcoa_3699501,Pmcoa_4128281","Patent_US5021549,Patent_EP1675594A2,Patent_WO2005037779A2,Medline_10873564,Patent_US20050113310,Pmcoa_5622148,Medline_16778789,Patent_US20040147434,Patent_US20070042938,Medline_17981718,Pmcoa_5385526,Medline_14757368,Medline_12443882,Medline_18973761,Medline_19264392,Medline_7961121,Patent_US8263636,Pmcoa_4658336,Patent_US20070037752,Patent_US20110117069,Patent_US20070078130,Patent_US20140336159,Patent_WO1998044923A1,Pmcoa_2821472,Patent_WO2013052844A1,Patent_US20070037785,Medline_9602161,Pmcoa_3359464,Patent_EP0167936A2,Patent_US4663342"
"ANDROSTENEDIOL","AR","AGE RELATED OSTEOPOROSIS","Medline_27402268,Medline_15987833,Patent_EP1480634B1,Patent_US8088828,Patent_US7776921,Medline_15511132,Medline_17907058,Medline_20348548,Patent_WO2001073116A2","Medline_10709768,Medline_10500149,Medline_12672951,Medline_9736693,Pmcoa_3497345,Medline_14744796,Medline_20534728"
"DHEAS","AR","AGE RELATED OSTEOPOROSIS","Medline_27402268,Medline_15987833,Patent_EP1480634B1,Patent_US8088828,Patent_US7776921,Medline_15511132,Medline_17907058,Medline_20348548,Patent_WO2001073116A2","Medline_17548088,Medline_15249140"
"LEUPROLIDE","AR","AGE RELATED OSTEOPOROSIS","Medline_27402268,Medline_15987833,Patent_EP1480634B1,Patent_US8088828,Patent_US7776921,Medline_15511132,Medline_17907058,Medline_20348548,Patent_WO2001073116A2","Pmcoa_5066251,Pmcoa_4434148,Medline_16019449"
"CYPROTERONE","AR","AGE RELATED OSTEOPOROSIS","Medline_27402268,Medline_15987833,Patent_EP1480634B1,Patent_US8088828,Patent_US7776921,Medline_15511132,Medline_17907058,Medline_20348548,Patent_WO2001073116A2","Medline_15242831,Medline_19383315,Medline_12020745,Medline_14643695,Pmcoa_4829986"
"OXANDROLONE","AR","AGE RELATED OSTEOPOROSIS","Medline_27402268,Medline_15987833,Patent_EP1480634B1,Patent_US8088828,Patent_US7776921,Medline_15511132,Medline_17907058,Medline_20348548,Patent_WO2001073116A2","Pmcoa_1828036,Medline_15219414"
"ENOBOSARM","AR","AGE RELATED OSTEOPOROSIS","Medline_27402268,Medline_15987833,Patent_EP1480634B1,Patent_US8088828,Patent_US7776921,Medline_15511132,Medline_17907058,Medline_20348548,Patent_WO2001073116A2","Patent_US20170319597,Patent_WO2017066827A1,Medline_26393303"
"ICRF187","AR","AGE RELATED OSTEOPOROSIS","Medline_27402268,Medline_15987833,Patent_EP1480634B1,Patent_US8088828,Patent_US7776921,Medline_15511132,Medline_17907058,Medline_20348548,Patent_WO2001073116A2","Medline_26009876,Pmcoa_4653019"
"CLOFENOTANE","AR","AGE RELATED OSTEOPOROSIS","Medline_27402268,Medline_15987833,Patent_EP1480634B1,Patent_US8088828,Patent_US7776921,Medline_15511132,Medline_17907058,Medline_20348548,Patent_WO2001073116A2","Medline_25682698,Pmcoa_1277868,Pmcoa_1277862"
"AMINOOXYACETIC ACID","CBS","AGE RELATED OSTEOPOROSIS","Pmcoa_2630375,Medline_18987302","Medline_18940190,Medline_24145109,Medline_18201837,Pmcoa_4706096,Medline_23226735,Medline_25944997,Pmcoa_5904033,Medline_28383821,Medline_23063804,Pmcoa_3258007,Pmcoa_4372268,Medline_12160876,Pmcoa_4543995,Pmcoa_5131276,Patent_US20090214673,Pmcoa_4332225,Pmcoa_4741935,Pmcoa_3827285,Medline_16781459,Medline_21866187,Pmcoa_3875657,Pmcoa_4845716,Patent_US8092838,Medline_28713283,Pmcoa_4204999,Medline_24667534,Medline_27257787,Pmcoa_4658482,Medline_19255435,Pmcoa_3411702,Pmcoa_4372083,Pmcoa_5407269,Medline_23215842,Medline_25662313,Pmcoa_3493714,Medline_27440715"
"(S)-2-AMINO-4-PENTYNOIC ACID","CBS","AGE RELATED OSTEOPOROSIS","Pmcoa_2630375,Medline_18987302","Pmcoa_3469557,Medline_28847570"
"CHYMOPAPAIN","CD34","AGE RELATED OSTEOPOROSIS","Medline_22724005,Pmcoa_3377665,Pmcoa_4530234","Medline_7488936,Medline_9217192,Medline_7514449,Patent_WO1996018639A1"
"AMODIAQUINE","CTSB","AGE RELATED OSTEOPOROSIS","Medline_24881000,Patent_EP2353599A1,Patent_WO2011091973A1","Patent_WO2016065348A1,Medline_26310922"
"ALBENDAZOLE","CYP1A1","AGE RELATED OSTEOPOROSIS","Medline_15647817,Medline_28300467","Medline_3404457,Pmcoa_3521711"
"HYDROCHLOROTHIAZIDE","DBP","AGE RELATED OSTEOPOROSIS","Pmcoa_2729412,Patent_US20030229014,Patent_US7226904,Patent_US7038010,Patent_WO2002058589A2","Pmcoa_4642170,Pmcoa_1994014,Pmcoa_2663442,Medline_1597846,Pmcoa_1993985,Pmcoa_2077861,Medline_11440284,Pmcoa_2672456,Medline_1439067,Pmcoa_5632478"
"ESTRONE","ESR2","AGE RELATED OSTEOPOROSIS","Medline_15758417,Patent_EP2486010A2,Patent_US20120202861,Patent_US8710243,Patent_WO2011042473A2","Medline_23170126,Pmcoa_3501410,Pmcoa_400665,Medline_19382890"
"MARINE CRYSTAL","GIP","AGE RELATED OSTEOPOROSIS","Medline_26642272,Patent_EP1119625A1,Patent_EP1119625B1,Patent_US20130137631,Patent_US6410508,Patent_US20130196913,Patent_US8895498,Patent_US20080312157,Patent_US20090036364,Patent_US20130281374,Patent_US8263545,Patent_US8404637,Patent_US9133260","Patent_US20090186817,Patent_EP2004238A2,Patent_US20140371148,Patent_WO2009042922A2,Patent_US20100286365,Patent_US8598314,Medline_16050953,Medline_9518868,Patent_EP2195034A2,Patent_US20100292172,Patent_US8759295"
"ALOGLIPTIN","GIP","AGE RELATED OSTEOPOROSIS","Medline_26642272,Patent_EP1119625A1,Patent_EP1119625B1,Patent_US20130137631,Patent_US6410508,Patent_US20130196913,Patent_US8895498,Patent_US20080312157,Patent_US20090036364,Patent_US20130281374,Patent_US8263545,Patent_US8404637,Patent_US9133260","Patent_US20130059872,Medline_25227623,Pmcoa_4166248"
"NIMOTUZUMAB","IGFBP3","AGE RELATED OSTEOPOROSIS","Pmcoa_4294440,Medline_25610822,Patent_US6518238,Patent_US6514937,Patent_WO1998036764A2,Patent_WO2000020024A2,Patent_WO2000006191A1","Pmcoa_3540017,Medline_23232108"
"ZINC SULFATE","LRP5","AGE RELATED OSTEOPOROSIS","Pmcoa_4003338,Pmcoa_5751801,Patent_US20110028384,Patent_US8236753,Patent_WO2009075836A2,Pmcoa_5007848,Medline_25580429,Pmcoa_2151961,Pmcoa_4279179,Pmcoa_3676919,Pmcoa_4697808,Medline_17052975,Patent_US20090269346,Patent_US8877714,Medline_19571442,Pmcoa_3513203,Pmcoa_5331069,Pmcoa_2816843,Medline_19092774,Medline_17613296,Pmcoa_3892794,Medline_18684085,Medline_16168727,Pmcoa_3826318,Pmcoa_4012028,Medline_25323851,Medline_15824851,Medline_28283687,Patent_WO2003106657A2,Pmcoa_3575535,Pmcoa_2700509,Patent_EP2121755A1,Patent_US20070087384,Patent_US7473770,Patent_US7994293,Patent_US20070111253,Patent_US20120201835,Patent_US20080193449,Patent_WO2008097510A1,Patent_US7622553,Patent_WO2005049640A2,Patent_WO2005049797A2,Patent_US20090023905,Patent_US20050070699,Patent_US20090136507,Patent_US7514594,Patent_US7416849,Patent_WO2002092000A2,Pmcoa_5291413","Medline_28339498,Pmcoa_5365128"
"CEP 701","SOD2","AGE RELATED OSTEOPOROSIS","Pmcoa_5376208,Pmcoa_5762839","Medline_24736663,Pmcoa_3988074"
"CHLORDIAZEPOXIDE","TRH","ANKYLOSING SPONDYLARTHRITIDES","Medline_7858584,Medline_8763085","Medline_3015558,Medline_6436800,Medline_2856406,Medline_8584022,Medline_2558307,Medline_8049715,Medline_2116028,Medline_6426979,Medline_2888647,Medline_2481818"
"METHAPYRILENE","TRH","ANKYLOSING SPONDYLARTHRITIDES","Medline_7858584,Medline_8763085","Medline_12110379,Patent_EP1794182A2,Medline_2178251,Patent_EP1794182B1,Pmcoa_3777413,Medline_3093794,Patent_US7067257,Patent_US6475989,Patent_US20030232966,Patent_US7713935,Patent_WO2003089459A2,Patent_US20070265202"
"PROTAMINE SULFATE","F10","ANTI PHOSPHOLIPID ANTIBODY SYNDROME","Pmcoa_4365552,Medline_25864630,Medline_25890027,Medline_17114499,Medline_8578503","Medline_1335615,Medline_1658966,Pmcoa_4969935,Medline_21297450"
"GAMMA-CARBOXYGLUTAMIC ACID","F10","ANTI PHOSPHOLIPID ANTIBODY SYNDROME","Pmcoa_4365552,Medline_25864630,Medline_25890027,Medline_17114499,Medline_8578503","Patent_US20100255000,Patent_EP2453910B1,Patent_EP2414517B1,Patent_EP2193196B1,Patent_EP2364165B1,Patent_EP3078743A1,Patent_EP3121271A1,Patent_US20090098119,Patent_EP2915564A1,Patent_US20110015128,Patent_US20120269788,Patent_US20100125052,Patent_US20140134151,Patent_US20130129693,Patent_US20140044773,Patent_US20160002617,Patent_US20150025011,Patent_US20160354449,Patent_US20170233711,Patent_US20140079684,Patent_US20150057228,Patent_US9109046,Patent_US9023796,Patent_US9062298,Patent_US20170014492,Patent_US8455439,Patent_US8153590,Patent_US8268783,Patent_US8455441,Patent_US9056106,Patent_US9388401,Patent_US8889129,Patent_US9587233,Patent_EP2948168A1,Patent_WO2014116275A1,Patent_WO2009042962A2,Medline_417734,Medline_8119280,Medline_1989997,Medline_23455714,Patent_EP2305802A1,Patent_US20080004216,Patent_US20090280107,Patent_US20070066531,Patent_US20080026994,Patent_US20090281027,Patent_US20130172259,Patent_US20070225224,Patent_US20060264373,Patent_US20030100506,Patent_US20050075291,Patent_US20070161561,Patent_US20090275123,Patent_US20090280554,Patent_US20100311658,Patent_US20070225223,Patent_US7553934,Patent_US20140113330,Patent_US7314917,Patent_US7247708,Patent_US8642738,Patent_US7612188,Patent_US8415457,Patent_US8415458,Patent_US9266931,Patent_US8048990,Patent_US7479551,Patent_US7662923,Patent_US7553935,Patent_US7220837,Patent_US7750120,Pmcoa_5423471,Pmcoa_5874076"
"DABIGATRAN ETEXILATE","F10","ANTI PHOSPHOLIPID ANTIBODY SYNDROME","Pmcoa_4365552,Medline_25864630,Medline_25890027,Medline_17114499,Medline_8578503","Medline_23117667,Medline_19550318,Medline_23818798,Medline_23695644,Medline_21421599,Medline_22465061,Medline_24605405,Pmcoa_3693821,Pmcoa_4224738,Pmcoa_3228673,Pmcoa_3556861,Pmcoa_4132966"
"BETRIXABAN","F10","ANTI PHOSPHOLIPID ANTIBODY SYNDROME","Pmcoa_4365552,Medline_25864630,Medline_25890027,Medline_17114499,Medline_8578503","Patent_US20150224091,Patent_US20080153876,Patent_US8404724,Patent_WO2013033370A1,Pmcoa_3283221,Pmcoa_3595681,Pmcoa_3743339,Pmcoa_4548753,Pmcoa_4428103,Pmcoa_3763648,Patent_EP2146705B1,Medline_19132191,Patent_EP2414517A1,Patent_EP2453910B1,Medline_23964817,Medline_29543384,Medline_27881569,Medline_29338293,Patent_EP2146705A2,Patent_EP2814955A1,Patent_EP2193196A2,Patent_EP2364165A2,Patent_EP2193196B1,Patent_EP2364165B1,Patent_EP2915564A1,Patent_EP3078743A1,Patent_EP3121271A1,Patent_EP2414517B1,Patent_EP2453910A1,Patent_US20100125052,Patent_EP2586439A1,Patent_US20080279845,Patent_US20110033459,Patent_US9062298,Patent_US20130230901,Patent_US20140079684,Patent_EP3254674A1,Patent_US20150057228,Patent_US20150376592,Patent_US20150025011,Patent_US20130129693,Patent_US20160002617,Patent_US20160354449,Patent_US20090098119,Patent_US20110015128,Patent_US20170014492,Patent_US20120095019,Patent_US20140044773,Patent_US20140134151,Patent_US20140323497,Patent_US20100255000,Patent_US20120269788,Patent_US9023796,Patent_US20170233711,Patent_US20170240879,Patent_US8153590,Patent_US8946219,Patent_US9587233,Patent_US8455441,Patent_US9388401,Patent_US9109046,Patent_US9056106,Patent_US8889129,Patent_WO2010056765A2,Patent_US8455439,Patent_WO2008137787A2,Patent_WO2010117729A1,Patent_US8268783,Patent_WO2013123087A1,Patent_WO2011008885A1,Patent_WO2009042962A2,Patent_WO2012031018A1,Pmcoa_3158856,Pmcoa_3782407,Pmcoa_4489817,Patent_WO2017211779A1,Pmcoa_4762436,Patent_EP1948608A2,Patent_EP1948608B1"
"XIMELAGATRAN","F10","ANTI PHOSPHOLIPID ANTIBODY SYNDROME","Pmcoa_4365552,Medline_25864630,Medline_25890027,Medline_17114499,Medline_8578503","Patent_EP2167487B1,Medline_12768805,Medline_26123214,Patent_EP2010534A1,Patent_US20080312311,Patent_US20090131459,Patent_US20090247555,Patent_US20100226918,Patent_EP1824855A1,Patent_EP2069365A1,Patent_EP2010535A1,Patent_EP2010535B1,Patent_EP2158202A1,Patent_EP1869056B1,Patent_EP2069364A1,Patent_EP1824855B1,Patent_EP2029598A1,Patent_EP2121020A2,Patent_EP1869056A1,Patent_EP2069364B1,Patent_EP1869055A1,Patent_EP2029603A1,Patent_US20090124637,Patent_US20090124640,Patent_US20080221136,Patent_US20080318981,Patent_US20110059996,Patent_US20100035899,Patent_US20080221133,Patent_US20100099642,Patent_US20080194527,Patent_US20090149475,Patent_US20080214578,Patent_US20090286813,Patent_US20120100204,Patent_US20150099769,Patent_US7960395,Patent_US20110092519,Patent_US20110105537,Patent_US7910576,Patent_US8859568,Patent_US7947693,Patent_WO2006062465A1,Patent_US7943625,Patent_US8088780,Patent_US9580429,Patent_WO2007142577A1,Patent_WO2008152420A1,Patent_US9440992,Patent_US8158785,Patent_US7829707,Patent_US8026244,Patent_WO2007142576A1,Patent_WO2008039138A1,Patent_WO2009120140A1,Patent_WO2006107258A1,Patent_WO2008039139A1,Patent_WO2008099144A2,Patent_WO2006107257A1,Patent_WO2016162785A1,Patent_WO2016162787A1"
"PBF-509","ADORA2A","ARTHRITIS","Pmcoa_4609967,Medline_23283732,Pmcoa_5622197","Pmcoa_5458644,Patent_WO2017023753A1"
"GR205171","B3GAT1","ARTHRITIS","Medline_22687356,Pmcoa_17819","Pmcoa_3796513,Pmcoa_1959516,Medline_11734064,Medline_18465582,Medline_10336675,Pmcoa_60651"
"NETUPITANT","B3GAT1","ARTHRITIS","Medline_22687356,Pmcoa_17819","Pmcoa_4282341,Patent_US20020091265,Patent_US6479483,Medline_25843024,Medline_22736506,Medline_25077526,Patent_WO2017147104A1"
"FOSAPREPITANT","B3GAT1","ARTHRITIS","Medline_22687356,Pmcoa_17819","Patent_US9782397,Pmcoa_5222820,Patent_EP2729147A1,Patent_US20140128395,Patent_WO2013004766A1,Patent_EP2729147B1,Pmcoa_4018359"
"MK 869","B3GAT1","ARTHRITIS","Medline_22687356,Pmcoa_17819","Patent_US20060019943,Patent_US20090030040,Patent_US8071778,Patent_US20090018132,Patent_US20090018163,Patent_US20080027056,Patent_US20090124613,Patent_US7098203,Patent_US8026257,Medline_12576885,Patent_US7632861"
"VESTIPITANT","B3GAT1","ARTHRITIS","Medline_22687356,Pmcoa_17819","Medline_24108409,Medline_20478677"
"FEDRATINIB","BIRC5","ARTHRITIS","Pmcoa_4652986,Medline_17635796,Pmcoa_5428713,Pmcoa_4516528,Medline_25381389","Pmcoa_4546470,Medline_25869210"
"LANREOTIDE","BIRC5","ARTHRITIS","Pmcoa_4652986,Medline_17635796,Pmcoa_5428713,Pmcoa_4516528,Medline_25381389","Pmcoa_5052342,Medline_27459532"
"AR 42","BIRC5","ARTHRITIS","Pmcoa_4652986,Medline_17635796,Pmcoa_5428713,Pmcoa_4516528,Medline_25381389","Pmcoa_5251323,Pmcoa_5567660"
"ISATUXIMAB","CD38","ARTHRITIS","Pmcoa_3306406,Pmcoa_4418770","Patent_EP3215541A1,Patent_WO2016071355A1,Medline_24987056,Pmcoa_5880931,Patent_WO2015123687A1,Patent_US20170049908,Patent_EP3104882A1,Patent_US20160346403,Pmcoa_5030378"
"REMOXIPRIDE","DRD2","ARTHRITIS","Medline_26693483,Pmcoa_4677027","Medline_24817271,Medline_15997230,Medline_10218872,Medline_7498321,Medline_8378244,Medline_7753765,Medline_8100193,Medline_1672458,Medline_11607043,Medline_7669486,Pmcoa_3602026,Medline_2895483,Patent_EP1578420A2,Patent_WO2004037783A2,Medline_21903866,Medline_9390726,Patent_US20080096926,Pmcoa_3893648,Pmcoa_4720788,Medline_1978494"
"VORAPAXAR SULFATE","F2R","ARTHRITIS","Pmcoa_3872103,Medline_15818676","Pmcoa_3262324,Patent_US20080234236,Medline_19699853,Patent_US20160045506,Patent_US20170281710,Patent_WO2014152715A1,Pmcoa_3817733,Medline_20926621,Patent_EP2488026A1,Medline_20170841,Patent_EP2990051A1,Medline_19332592,Patent_EP2416799B1,Medline_21353434,Medline_19882073,Medline_21248619,Patent_US20170035734,Medline_18447380,Medline_21935705,Medline_21090833,Patent_US9789087,Patent_EP2990051B1,Patent_US20170065668,Patent_EP3061460A1,Patent_EP2440191A2,Patent_US20180000784,Patent_US20120141586,Patent_US20120121706,Patent_WO2010118435A2,Patent_WO2010144339A2,Patent_EP2416799A2,Patent_US20150023975,Pmcoa_2800923,Patent_US20120184504,Patent_WO2011041217A1,Patent_US9376499,Pmcoa_5545188,Patent_EP2134344A1,Patent_WO2008118320A1"
"CANGRELOR","F2R","ARTHRITIS","Pmcoa_3872103,Medline_15818676","Medline_21075402,Patent_US20170275282,Medline_20570595,Patent_US20170035739,Patent_US9475809,Patent_US20160052884,Patent_US20160272637,Patent_US20170291892,Patent_US20160368903,Patent_US20170283412,Patent_US20160152613,Patent_US9434690,Patent_US20170298052,Patent_US9822102,Patent_US9765070,Medline_22149366,Medline_21200111"
"DESMOPRESSIN ACETATE","F8","ARTHRITIS","Medline_19781067,Pmcoa_2787264,Patent_EP1724286A1,Patent_US20090104202,Patent_US20060019340,Patent_US20090093053,Patent_US7534605,Patent_US20110207678,Patent_US8193311,Patent_US7883857,Patent_US7901909,Medline_29438784,Pmcoa_3978877","Pmcoa_3030021,Pmcoa_3166073,Medline_9184393,Medline_8322282,Medline_8854570,Medline_25698197,Medline_8547104,Medline_2394244,Pmcoa_4834776"
"DDAVP NASAL SPRAY","F8","ARTHRITIS","Medline_19781067,Pmcoa_2787264,Patent_EP1724286A1,Patent_US20090104202,Patent_US20060019340,Patent_US20090093053,Patent_US7534605,Patent_US20110207678,Patent_US8193311,Patent_US7883857,Patent_US7901909,Medline_29438784,Pmcoa_3978877","Medline_25698197,Pmcoa_4834776"
"ANTIHEMOPHILIC FACTOR (RECOMBINANT), PLASMA/ALBUMIN FREE METHOD","F8","ARTHRITIS","Medline_19781067,Pmcoa_2787264,Patent_EP1724286A1,Patent_US20090104202,Patent_US20060019340,Patent_US20090093053,Patent_US7534605,Patent_US20110207678,Patent_US8193311,Patent_US7883857,Patent_US7901909,Medline_29438784,Pmcoa_3978877","Pmcoa_4737295,Patent_EP2729161A2,Patent_WO2013009627A2"
"SERELAXIN","F8","ARTHRITIS","Medline_19781067,Pmcoa_2787264,Patent_EP1724286A1,Patent_US20090104202,Patent_US20060019340,Patent_US20090093053,Patent_US7534605,Patent_US20110207678,Patent_US8193311,Patent_US7883857,Patent_US7901909,Medline_29438784,Pmcoa_3978877","Medline_25903109,Pmcoa_5793965"
"ATOMOXETINE","FOS","ARTHRITIS","Medline_20950869,Pmcoa_2976746,Medline_16437739","Medline_12431845,Patent_EP1458368B1,Patent_US20050009925,Patent_EP1458368A1,Patent_WO2005053663A2,Patent_WO2003049724A1,Medline_22119060"
"CARBENOXOLONE","FOS","ARTHRITIS","Medline_20950869,Pmcoa_2976746,Medline_16437739","Medline_19938175,Medline_17937860,Medline_17184865"
"CHEMBL444478","FOS","ARTHRITIS","Medline_20950869,Pmcoa_2976746,Medline_16437739","Pmcoa_3851776,Medline_24324641,Pmcoa_4560509"
"POLYHISTIDINE","FOS","ARTHRITIS","Medline_20950869,Pmcoa_2976746,Medline_16437739","Patent_US20050159354,Patent_US20100095387,Pmcoa_2172957"
"MEPYRAMINE","FOS","ARTHRITIS","Medline_20950869,Pmcoa_2976746,Medline_16437739","Medline_12925217,Medline_12873950"
"TRIMEBUTINE","FOS","ARTHRITIS","Medline_20950869,Pmcoa_2976746,Medline_16437739","Pmcoa_5611966,Patent_WO2013134869A1"
"REBOXETINE","FST","ARTHRITIS","Medline_25574420,Pmcoa_4276300,Pmcoa_5829464","Pmcoa_5337390,Pmcoa_4640659,Pmcoa_4715838,Pmcoa_3197923,Pmcoa_5748433,Pmcoa_4933725"
"CHEMBL230158","GGTLC1","ARTHRITIS","Medline_14455,Medline_14456,Medline_31141,Medline_17680722","Patent_EP3071198A1,Patent_EP3119384A1,Patent_WO2015143178A1,Pmcoa_5735692"
"I 0404","GSK3B","ARTHRITIS","Pmcoa_2650783,Pmcoa_4277409","Medline_19445946,Pmcoa_2898706,Medline_20433952,Medline_24815917,Medline_27412761"
"AR-A014418","GSK3B","ARTHRITIS","Pmcoa_2650783,Pmcoa_4277409","Pmcoa_3762770,Medline_26129946,Patent_US20100105745,Pmcoa_2928182,Pmcoa_4543981,Pmcoa_4239034,Pmcoa_5451429,Pmcoa_5363568,Pmcoa_5862582,Pmcoa_5370089,Pmcoa_5833564,Medline_23715499,Medline_17109063,Medline_26660108,Patent_US20100159032,Medline_21613824,Medline_27789311,Medline_28590916,Medline_22041920,Medline_24449255,Medline_19639182,Patent_EP2979696A1,Medline_29670081,Patent_EP1845094A1,Medline_22037925,Medline_23362012,Patent_US20050171112,Patent_US20160058738,Pmcoa_3022366,Pmcoa_3392751,Pmcoa_3914408,Pmcoa_2912299,Pmcoa_3560227,Pmcoa_3386519,Pmcoa_3504464,Pmcoa_3516047,Pmcoa_3833223,Pmcoa_3944270,Pmcoa_3448637,Pmcoa_3492324,Pmcoa_3797695,Pmcoa_3568118,Pmcoa_3162575,Pmcoa_3261278,Pmcoa_4936323,Pmcoa_4357437"
"ALSTERPAULLONE","GSK3B","ARTHRITIS","Pmcoa_2650783,Pmcoa_4277409","Patent_US20080085324,Patent_US8110365,Medline_19931224,Patent_EP2694046A1,Patent_US20080044390,Patent_WO2012136851A1,Medline_24623082,Patent_US20140030224,Patent_US9168236,Patent_WO2008021210A2,Pmcoa_2831894,Pmcoa_4895019,Pmcoa_5735586,Patent_US20070105130,Patent_EP1904088A2,Patent_WO2006127978A2"
"BIFEPRUNOX","GSK3B","ARTHRITIS","Pmcoa_2650783,Pmcoa_4277409","Pmcoa_4498891,Medline_27435909,Pmcoa_4951756"
"DESERPIDINE","GSK3B","ARTHRITIS","Pmcoa_2650783,Pmcoa_4277409","Pmcoa_5742885,Medline_25632187"
"LONIDAMINE","HK1","ARTHRITIS","Medline_22687356,Pmcoa_3238219","Medline_18262292,Pmcoa_2854128,Medline_27234586,Pmcoa_4888454"
"CETIRIZINE","KNG1","ARTHRITIS","Medline_11930961,Pmcoa_1781638,Patent_WO2007142431A1,Patent_US20150320761,Pmcoa_4421925","Medline_10782524,Medline_11003455,Medline_8886862,Medline_1362160"
"ECALLANTIDE","KNG1","ARTHRITIS","Medline_11930961,Pmcoa_1781638,Patent_WO2007142431A1,Patent_US20150320761,Pmcoa_4421925","Pmcoa_3518251,Pmcoa_2941790,Medline_22472866,Pmcoa_4404974,Patent_EP2948479A1,Patent_US20150362493,Patent_WO2014113712A1"
"5-METHYLTETRAHYDROFOLATE","KNG1","ARTHRITIS","Medline_11930961,Pmcoa_1781638,Patent_WO2007142431A1,Patent_US20150320761,Pmcoa_4421925","Patent_US20080064702,Patent_US20100130453,Pmcoa_140143"
"TETANUS TOXOID","LTB","ARTHRITIS","Patent_US5187286,Patent_US5440044,Patent_US5183925,Patent_US5196570,Patent_US5614634,Patent_US5541202,Patent_US5352701,Patent_US5414016,Patent_US5502075,Medline_18475706,Medline_19220287,Patent_US20020006922","Patent_US5182109,Medline_8627026,Patent_US7063852,Patent_WO2001089456A2,Patent_US20030113345"
"EMTRICITABINE","LTB4R","ARTHRITIS","Pmcoa_2118298,Medline_16670336,Medline_20656922,Medline_29042029,Pmcoa_4502828,Patent_US20110059885","Pmcoa_3887103,Pmcoa_3380612,Pmcoa_2194746"
"GEDATOLISIB","MAP2K7","ARTHRITIS","Pmcoa_3392838,Medline_28890347","Pmcoa_4896852,Medline_22261591"
"LEVOBUPIVACAINE","MAP2K7","ARTHRITIS","Pmcoa_3392838,Medline_28890347","Medline_29592783,Pmcoa_5881964"
"ANGIOTENSIN 1-7","MAS1","ARTHRITIS","Pmcoa_3272821,Pmcoa_4997264","Medline_28194766,Pmcoa_4582995,Pmcoa_4692500"
"B 2050","NOS1","ARTHRITIS","Pmcoa_4602262,Medline_16437739","Medline_16023276,Medline_25046820,Patent_WO2010025266A1"
"ETORPHINE","OPRM1","ARTHRITIS","Medline_27857662,Pmcoa_5109000","Medline_15363980,Medline_2847851,Patent_EP1476155A2,Patent_US20040024005,Patent_WO2003061594A2,Medline_9450614,Medline_9350996,Medline_27707973,Medline_16417975,Medline_8799185,Medline_18599439,Pmcoa_4270172,Medline_8780231,Pmcoa_1947952,Medline_2986029,Medline_29183835,Medline_18930741"
"TAPENTADOL","OPRM1","ARTHRITIS","Medline_27857662,Pmcoa_5109000","Pmcoa_5680940,Medline_24488603,Medline_29029015,Medline_21262850"
"SUFENTANIL","OPRM1","ARTHRITIS","Medline_27857662,Pmcoa_5109000","Patent_EP1476155A2,Patent_US20040024005,Patent_WO2003061594A2,Medline_15780604,Medline_10781014,Medline_12044452,Medline_10497906,Medline_11299311,Medline_26342648,Patent_US20130158074,Patent_US8226978,Patent_US8535714,Patent_US8865743,Patent_EP3072504A1,Patent_US20080268023,Patent_US20090131479,Patent_US20130165481,Patent_US9744129,Patent_US20100105735,Patent_US20170259051,Patent_EP2114383B1,Patent_US20100256190,Patent_US8778394,Patent_US20100137836,Patent_US20120035216,Patent_US20130090594,Patent_US20140350054,Patent_US20160213606,Patent_US9642996,Patent_US20150105424,Patent_US9320710,Patent_US8778393,Patent_US8202535,Patent_US8231900"
"GSK-1521498","OPRM1","ARTHRITIS","Medline_27857662,Pmcoa_5109000","Medline_22752384,Medline_23934621,Pmcoa_3835938,Pmcoa_4282435,Pmcoa_3858811,Pmcoa_4537503"
"TIANEPTINE","OPRM1","ARTHRITIS","Medline_27857662,Pmcoa_5109000","Medline_29073492,Patent_WO2017165738A1"
"SAMIDORPHAN","OPRM1","ARTHRITIS","Medline_27857662,Pmcoa_5109000","Patent_US9283196,Patent_US20160031844,Patent_US9284291,Pmcoa_4679873"
"MEROPENEM","OPRM1","ARTHRITIS","Medline_27857662,Pmcoa_5109000","Pmcoa_4519154,Pmcoa_5626926"
"SAXAGLIPTIN","PYCARD","ARTHRITIS","Medline_19717512,Pmcoa_5564741,Medline_26210906,Pmcoa_4515315","Pmcoa_5826188,Medline_27547413,Pmcoa_4985834"
"TETRACAINE","RYR1","ARTHRITIS","Pmcoa_5605300,Pmcoa_4602262","Pmcoa_2712967,Medline_19398777,Pmcoa_4141859"
"JTV 519","RYR1","ARTHRITIS","Pmcoa_5605300,Pmcoa_4602262","Pmcoa_3841141,Medline_15972811,Medline_23349825"
"EPA ETHYL ESTER","APOB","ASEPTIC NECROSIS OF BONE","Pmcoa_4282735,Pmcoa_4247152,Medline_17530370","Patent_WO2015066512A1,Patent_US20140357717,Pmcoa_5282870,Medline_22819432,Patent_US20160058729"
"CHOLATE","APOB","ASEPTIC NECROSIS OF BONE","Pmcoa_4282735,Pmcoa_4247152,Medline_17530370","Medline_11606258,Patent_WO2003035683A2"
"IRON DEXTRAN","APOB","ASEPTIC NECROSIS OF BONE","Pmcoa_4282735,Pmcoa_4247152,Medline_17530370","Medline_25685776,Pmcoa_4313725"
"PRAVASTATIN SODIUM","APOB","ASEPTIC NECROSIS OF BONE","Pmcoa_4282735,Pmcoa_4247152,Medline_17530370","Medline_3106756,Patent_US20060068015,Patent_EP1680086A2,Patent_US20050096390,Patent_WO2006037348A1,Patent_WO2005034908A2"
"COPANLISIB","ERBB2","BONE PAGET DISEASE","Medline_21030863,Medline_20418225","Pmcoa_5237710,Pmcoa_5225172,Medline_24170767"
"ADO-TRASTUZUMAB EMTANSINE","ERBB2","BONE PAGET DISEASE","Medline_21030863,Medline_20418225","Pmcoa_4679405,Medline_26606967,Patent_WO2017087280A1,Patent_US20100099109,Pmcoa_5704598,Patent_EP3237065A1,Medline_25873876,Pmcoa_4376930,Medline_25790739,Patent_EP2796424B1,Patent_EP2796424A1,Patent_US20150071913,Patent_US9713572,Pmcoa_4112050,Pmcoa_4229898,Pmcoa_3973200,Pmcoa_4876844,Medline_25976081,Patent_EP2640727B1,Patent_US20120121615,Patent_US20110165155,Patent_US20140044709,Patent_US20150265723,Patent_US20170202973,Pmcoa_3337408,Pmcoa_4346691,Pmcoa_4058749,Pmcoa_5084478,Pmcoa_4793192,Patent_WO2017177199A2,Medline_23783223,Medline_26892972,Medline_26172389,Pmcoa_4501549,Medline_24987913,Medline_27497829,Patent_EP2771295A1,Patent_EP2771295B1,Patent_US20130216742,Patent_US20150366756,Patent_US9474688,Patent_WO2013063275A1,Medline_20421541,Medline_26557900,Medline_25024070,Medline_28679774,Pmcoa_3669149,Pmcoa_4629048,Pmcoa_5187895,Pmcoa_5768410,Medline_27366963,Medline_21986845,Medline_25342987,Medline_25332421,Medline_25865453,Medline_26389758,Medline_27572338,Medline_25398397,Pmcoa_5627411,Medline_29559276,Pmcoa_3502230,Medline_23402224,Medline_24043217,Medline_24662957,Medline_23946617,Medline_28056202,Medline_26917603,Patent_EP3107577A1,Patent_US20150132217,Patent_US20160361360,Patent_US20170035886,Patent_US20150231241,Patent_WO2015126548A1,Patent_WO2017007846A1,Patent_WO2017147542A2,Patent_WO2016141169A1,Patent_WO2016196373A2,Pmcoa_4596905,Pmcoa_5455677,Pmcoa_5278255,Medline_24035823,Medline_24898067,Pmcoa_4058446,Patent_US20170136043,Patent_US20150291605,Patent_US20150290197,Patent_US20150291606,Patent_US20150290212,Patent_US9555031,Patent_US20150291609,Patent_US20170202847,Patent_US9555030,Patent_WO2015157128A1,Patent_US9603850,Patent_WO2015153978A1,Patent_WO2015157115A1,Patent_WO2015157127A1,Patent_WO2015157123A1,Patent_WO2015157122A1,Patent_WO2015157125A1,Pmcoa_4596896,Pmcoa_5578078"
"MM-302","ERBB2","BONE PAGET DISEASE","Medline_21030863,Medline_20418225","Medline_26759238,Patent_WO2017136770A1,Patent_EP2925361A1,Patent_US20170189335,Patent_US20160038416,Patent_US20160038417,Patent_US9226966,Patent_US9610249"
"CP 724714","ERBB2","BONE PAGET DISEASE","Medline_21030863,Medline_20418225","Medline_28902361,Patent_EP2968564A1,Patent_US20050119288,Patent_US20080119530,Patent_US20160376376,Patent_US20150315244,Patent_US20160022680,Patent_US9303069,Patent_WO2014142660A1,Pmcoa_5831215,Pmcoa_5592866,Pmcoa_5882317"
"QUIZARTINIB","ERBB2","BONE PAGET DISEASE","Medline_21030863,Medline_20418225","Patent_US20140363514,Patent_US20170196811,Patent_US9402918,Pmcoa_5833862"
"TRAST","ERBB2","BONE PAGET DISEASE","Medline_21030863,Medline_20418225","Pmcoa_4891060,Patent_WO2016193955A1,Pmcoa_4891137,Pmcoa_3218942"
"LATREPIRDINE","TARDBP","BONE PAGET DISEASE","Medline_17279000,Pmcoa_3766182","Pmcoa_4030329,Pmcoa_3351599,Patent_US20110245504,Patent_WO2010067085A2,Patent_US8703952,Patent_US20160237048,Medline_19560462,Patent_US9283230,Patent_EP2673266A1,Medline_20102522,Patent_WO2012107706A1,Patent_EP2673266B1"
"IOPAMIDOL","BAX","CHRONIC ULCERATIVE COLITIS","Medline_11413108,Medline_17629044","Pmcoa_5364980,Medline_28260077"
"VENORUTON (TN)","BAX","CHRONIC ULCERATIVE COLITIS","Medline_11413108,Medline_17629044","Pmcoa_5661100,Medline_29163754"
"ATRACURIUM","BAX","CHRONIC ULCERATIVE COLITIS","Medline_11413108,Medline_17629044","Medline_27729798,Pmcoa_5042291"
"EPO B","BAX","CHRONIC ULCERATIVE COLITIS","Medline_11413108,Medline_17629044","Pmcoa_4878802,Pmcoa_3355125"
"HYDROXYMETHYLFURFURAL","BAX","CHRONIC ULCERATIVE COLITIS","Medline_11413108,Medline_17629044","Pmcoa_4846015,Pmcoa_4146024"
"CHEMBL3707235","BAX","CHRONIC ULCERATIVE COLITIS","Medline_11413108,Medline_17629044","Pmcoa_5727799,Pmcoa_4784786"
"MIMOSINE","CCND1","CHRONIC ULCERATIVE COLITIS","Medline_12827612,Patent_US20140031389,Patent_US20100285002","Medline_10995875,Medline_10530763"
"CALPAIN INHIBITOR I","CCND1","CHRONIC ULCERATIVE COLITIS","Medline_12827612,Patent_US20140031389,Patent_US20100285002","Medline_10050872,Medline_9342364"
"HEXACHLOROPHENE","CCND1","CHRONIC ULCERATIVE COLITIS","Medline_12827612,Patent_US20140031389,Patent_US20100285002","Medline_16735606,Pmcoa_4593336"
"AMINOMETHYLPHOSPHONIC ACID","CCND1","CHRONIC ULCERATIVE COLITIS","Medline_12827612,Patent_US20140031389,Patent_US20100285002","Pmcoa_4891145,Medline_26840261"
"RONICICLIB","CCND1","CHRONIC ULCERATIVE COLITIS","Medline_12827612,Patent_US20140031389,Patent_US20100285002","Pmcoa_5427913,Patent_US20180163178"
"UNII-88928BS57E","CXCL2","CHRONIC ULCERATIVE COLITIS","Pmcoa_2644704,Medline_23272179,Pmcoa_3525572,Pmcoa_4812449","Medline_28749086,Pmcoa_5722510"
"DIAMINOPIMELIC ACID","DAP","CHRONIC ULCERATIVE COLITIS","Pmcoa_3982627,Pmcoa_4485655","Pmcoa_4981496,Pmcoa_4227774,Patent_US4051237,Patent_US6221364"
"CAMPHOR","DAP","CHRONIC ULCERATIVE COLITIS","Pmcoa_3982627,Pmcoa_4485655","Pmcoa_4641207,Medline_26605106"
"SUCROSE OCTASULFATE","FGFR1","CHRONIC ULCERATIVE COLITIS","Medline_28928792,Pmcoa_5591922","Medline_19634127,Medline_18199118"
"LY-2874455","FGFR1","CHRONIC ULCERATIVE COLITIS","Medline_28928792,Pmcoa_5591922","Pmcoa_5019380,Medline_27618313"
"PLECANATIDE","GUCY2C","CHRONIC ULCERATIVE COLITIS","Medline_27125248,Pmcoa_4850406,Pmcoa_4673555","Pmcoa_5292606,Pmcoa_3153287,Pmcoa_5673020,Pmcoa_3864180,Pmcoa_5368960,Pmcoa_5745376"
"LINACLOTIDE","GUCY2C","CHRONIC ULCERATIVE COLITIS","Medline_27125248,Pmcoa_4850406,Pmcoa_4673555","Pmcoa_5037076,Patent_WO2015089326A1,Patent_US20160310559,Patent_WO2016197042A1,Medline_26216942,Pmcoa_3153287,Pmcoa_3997039,Pmcoa_3153279,Medline_27331917,Medline_24903042,Pmcoa_5673020,Pmcoa_4519259,Pmcoa_3995067,Pmcoa_5732700,Pmcoa_5471438,Patent_US20140024593,Patent_US20130085107,Patent_US8946158,Pmcoa_5407793,Patent_US20110118184,Patent_US20140179607,Patent_WO2012155108A1,Patent_US8507447,Pmcoa_5368960,Pmcoa_5745376,Pmcoa_5643283"
"VX 950","KRAS","CHRONIC ULCERATIVE COLITIS","Medline_2194896,Medline_1854618,Pmcoa_1977292,Medline_1350261","Patent_EP1678202A1,Patent_EP1678202B1,Patent_WO2005042570A1,Patent_US20080267915,Medline_19505593,Patent_US20110243894,Patent_US20100074890,Patent_US20110008289,Patent_US20110110891,Patent_WO2005110455A2,Patent_WO2006016930A2,Patent_US8603737,Patent_EP2054076A2,Patent_WO2011049987A2,Patent_EP1987060A2,Patent_EP1789074A2,Patent_EP2491033A2,Patent_US20180000926,Patent_EP3244922A1,Patent_US20100093824,Patent_US20070258946,Patent_US20060204473,Patent_US20080131398,Patent_WO2006020580A2,Patent_EP2341924A2,Patent_US7597884,Patent_US20060182716,Patent_US20150098926,Patent_US20130195798,Patent_WO2010081095A2,Patent_WO2016112459A1,Patent_WO2005067963A1,Patent_WO2008143647A2,Patent_WO2007092537A2,Patent_WO2010039801A2,Patent_EP2500021A1,Patent_EP2157974A1,Patent_US20060105978,Patent_EP2328656A1,Patent_WO2006050250A2,Patent_EP1819336A2,Patent_US20100189688,Patent_US20110236351,Patent_WO2010036799A1,Patent_US8871812,Patent_WO2008144072A1,Patent_EP1804821A2,Patent_EP2374464A2,Patent_WO2006039488A2,Patent_US20110059886,Pmcoa_3861371,Patent_US7884199,Patent_US20090191555,Patent_US20100028874,Patent_US20050136400,Patent_EP2016195A2,Patent_US20110086006,Patent_US7494660,Patent_US20090004664"
"BOSUTINIB","KRAS","CHRONIC ULCERATIVE COLITIS","Medline_2194896,Medline_1854618,Pmcoa_1977292,Medline_1350261","Medline_24461128,Pmcoa_3930897"
"RILOTUMUMAB","KRAS","CHRONIC ULCERATIVE COLITIS","Medline_2194896,Medline_1854618,Pmcoa_1977292,Medline_1350261","Pmcoa_4037834,Pmcoa_5344276"
"LONAFARNIB","KRAS","CHRONIC ULCERATIVE COLITIS","Medline_2194896,Medline_1854618,Pmcoa_1977292,Medline_1350261","Pmcoa_5739619,Pmcoa_4120652"
"RACECADOTRIL","MME","CHRONIC ULCERATIVE COLITIS","Medline_29232715,Pmcoa_5726735","Pmcoa_3362754,Pmcoa_4851326,Medline_12106279,Medline_1421123,Medline_7473405,Patent_US20150342882,Patent_US20160120834,Patent_WO2017026994A1,Medline_26731112,Medline_3519939,Medline_3554169,Medline_7509244,Medline_19300128,Medline_1376694,Medline_1780043,Medline_10646048,Medline_10944563,Medline_2716968,Medline_2702924,Medline_27642742,Medline_2790459,Medline_3532054,Medline_2142087,Patent_WO2016066758A1,Medline_2018165,Medline_1624154,Medline_10717503,Medline_1285638,Medline_10646045,Medline_1350927,Medline_1666049,Medline_26907621,Medline_1348542,Medline_2142086,Medline_1788138,Medline_8804878,Patent_EP1718337B1,Medline_3131801,Medline_19610134,Medline_10717505,Medline_22661949,Patent_EP1563848A1,Medline_27209450,Medline_9355786,Medline_2780419,Medline_3121843,Medline_2612837,Medline_2758762,Patent_US20070275993,Medline_8488368,Patent_EP1718337A1,Patent_US8222294,Patent_EP3212211A1,Patent_WO1989005353A1,Pmcoa_3694821,Patent_WO2005079850A1,Pmcoa_3875871,Pmcoa_3085874,Patent_WO2015160703A1,Patent_WO1991001756A1,Pmcoa_3561631,Pmcoa_4695804"
"TOLBUTAMIDE","GAST","CROHN'S DISEASE","Medline_28443771,Patent_EP2010569A2,Patent_US20090311257,Patent_US8278421,Patent_WO2007111661A2,Medline_12795463","Medline_3065196,Medline_6642411"
"METIAMIDA","GAST","CROHN'S DISEASE","Medline_28443771,Patent_EP2010569A2,Patent_US20090311257,Patent_US8278421,Patent_WO2007111661A2,Medline_12795463","Medline_1686922,Medline_11029,Medline_437421,Medline_184871"
"PHENYLALANINE AMIDE","GAST","CROHN'S DISEASE","Medline_28443771,Patent_EP2010569A2,Patent_US20090311257,Patent_US8278421,Patent_WO2007111661A2,Medline_12795463","Medline_7556217,Medline_1819590"
"GLYCOCHENODEOXYCHOLATE","MCL1","CROHN'S DISEASE","Medline_18266233,Medline_28190086","Medline_21507240,Pmcoa_3107804"
"AT7519","MCL1","CROHN'S DISEASE","Medline_18266233,Medline_28190086","Pmcoa_4891027,Pmcoa_3940382"
"CRYSTAL VIOLET SOLUTION","NOX1","CROHN'S DISEASE","Medline_24374371,Pmcoa_5148781,Pmcoa_4943970","Pmcoa_3977805,Pmcoa_5651112"
"FIMASARTAN","NOX1","CROHN'S DISEASE","Medline_24374371,Pmcoa_5148781,Pmcoa_4943970","Medline_26640409,Pmcoa_4643080"
"ENTOLIMOD","TLR5","CROHN'S DISEASE","Medline_16319670,Medline_28139755,Medline_16439468","Patent_US9376473,Patent_US20170065692,Medline_28407032,Medline_24583651,Patent_US20140248260,Pmcoa_5825991,Patent_EP2833876A1,Patent_WO2013151994A1,Pmcoa_3314012,Medline_24879439,Pmcoa_5385203,Medline_28273362,Pmcoa_3674368,Pmcoa_5126092,Medline_24454895,Pmcoa_3823175,Pmcoa_5737079,Pmcoa_5799711,Patent_WO2014098649A1,Pmcoa_3891810,Pmcoa_4823082,Pmcoa_4998329,Medline_26655090,Pmcoa_3782517,Pmcoa_3996654,Pmcoa_5628280,Patent_EP3206708A2,Patent_US20170239326,Patent_WO2016109002A2,Pmcoa_4418776,Pmcoa_4569586,Medline_28323577,Pmcoa_4039429,Medline_26367124,Pmcoa_5689665"
"MOMETASONE","HPSE","FIBROMYALGIA","Patent_US20090081243,Patent_EP2527446A1,Patent_US20150322517,Patent_EP2527447A1,Patent_EP1766014A1,Patent_EP2270034A2,Patent_WO2005118810A1,Medline_18158367,Pmcoa_416451,Patent_US20130034537,Pmcoa_416440","Medline_22409907,Pmcoa_3339360"
"GONADOTROPIN, CHORIONIC","HPSE","FIBROMYALGIA","Patent_US20090081243,Patent_EP2527446A1,Patent_US20150322517,Patent_EP2527447A1,Patent_EP1766014A1,Patent_EP2270034A2,Patent_WO2005118810A1,Medline_18158367,Pmcoa_416451,Patent_US20130034537,Pmcoa_416440","Medline_24235832,Pmcoa_3826771"
"CISATRACURIUM","MAP1LC3A","FIBROMYALGIA","Medline_26772544,Pmcoa_4715288","Medline_27058536,Pmcoa_4848971"
"METHYL PYRUVIC ACID","MAP1LC3A","FIBROMYALGIA","Medline_26772544,Pmcoa_4715288","Patent_US20170112813,Patent_US20140135296,Patent_US9572820,Pmcoa_4884978,Pmcoa_5444727,Medline_29018776,Pmcoa_5622931"
"GLYCERALDEHYDE 3 PHOSPHATE","TKT","FIBROMYALGIA","Pmcoa_1876608,Medline_2407767","Medline_24456572,Pmcoa_317351"
"CLAVULANIC ACID","CD248","GRANULOMATOSIS WITH POLYANGIITIS","Medline_28615072,Pmcoa_5471953","Medline_9527373,Medline_8031044,Medline_7726509,Pmcoa_2715369,Medline_8067751"
"SULBACTAM","CD248","GRANULOMATOSIS WITH POLYANGIITIS","Medline_28615072,Pmcoa_5471953","Pmcoa_5036594,Medline_9527373,Pmcoa_5456380,Medline_7606585,Medline_9062788"
"C5H3N4O","EEF1A1","LYME DISEASE","Medline_26954993,Pmcoa_5176084","Pmcoa_2896532,Pmcoa_5059743"
"PRINABEREL","RAD51","LYME DISEASE","Pmcoa_5663514,Medline_29088268,Patent_US20150232517,Patent_EP2889382A1,Medline_8566765,Patent_US20160289746,Patent_EP3044337A2,Patent_US20150250865,Patent_US20160333056","Pmcoa_5344223,Medline_28536406"
"NU6027","RAD51","LYME DISEASE","Pmcoa_5663514,Medline_29088268,Patent_US20150232517,Patent_EP2889382A1,Medline_8566765,Patent_US20160289746,Patent_EP3044337A2,Patent_US20150250865,Patent_US20160333056","Pmcoa_4693276,Medline_21730979,Pmcoa_3172902"
"ZINC ACETATE","RAD51","LYME DISEASE","Pmcoa_5663514,Medline_29088268,Patent_US20150232517,Patent_EP2889382A1,Medline_8566765,Patent_US20160289746,Patent_EP3044337A2,Patent_US20150250865,Patent_US20160333056","Pmcoa_4072484,Pmcoa_5440055"
"NALIDIXIC ACID","TOP2A","LYME DISEASE","Patent_US20030170693,Medline_10469665","Medline_7766118,Patent_EP2603601A2,Medline_16667857,Patent_US20130324437,Medline_7504668,Medline_2547335,Medline_1332615,Medline_2856355,Medline_3004325,Medline_12948384,Medline_8381639,Medline_2558950,Patent_WO2012021802A2,Pmcoa_5739488,Patent_US20110065092,Medline_15347763,Pmcoa_4029002,Patent_US5656495,Patent_EP2522738A1,Medline_6450709,Patent_EP0723018A1,Medline_2407187,Patent_EP0723018B1,Medline_26331851,Medline_3008718,Medline_20958788,Medline_2570350,Pmcoa_3711813,Patent_US8703447,Patent_WO2000037676A1,Pmcoa_3565448,Pmcoa_3874168,Pmcoa_4230183,Pmcoa_4270457,Pmcoa_2553793,Patent_US20120322115,Pmcoa_4558043,Medline_8097554,Pmcoa_3001019,Medline_28825963,Medline_200930,Pmcoa_1635304,Pmcoa_3312209,Pmcoa_4207537,Pmcoa_3769818"
"DINITROBENZENE","HBG2","POLYCYTHEMIA","Medline_1634355,Medline_5796352","Medline_3965845,Medline_7728905"
"DESFERAL","TFRC","POLYCYTHEMIA","Medline_1890732,Medline_9830813","Pmcoa_5226510,Medline_15993339,Medline_27384479"
"MANNOSE 6-PHOSPHATE","TFRC","POLYCYTHEMIA","Medline_1890732,Medline_9830813","Medline_7642700,Pmcoa_2199957"
"VERUCERFONT","CRHR1","PSORIASIS","Medline_22350180,Medline_22360979,Medline_19560286","Medline_27109623,Pmcoa_4082482,Medline_29505471,Pmcoa_5652029"
"PEXACERFONT","CRHR1","PSORIASIS","Medline_22350180,Medline_22360979,Medline_19560286","Medline_27362504,Medline_28807676,Pmcoa_4928795,Medline_27595147,Medline_29064909,Medline_27109623,Pmcoa_3671664,Pmcoa_4462850,Pmcoa_3765344"
"RUBOXISTAURIN","DYT10","PSORIASIS","Patent_EP0805158A3,Patent_EP0805158B1,Patent_EP0657458B1,Patent_EP1449529B1,Patent_EP0805158A2,Patent_US20050287132,Patent_EP0657458A1,Pmcoa_2678983","Medline_22569400,Pmcoa_3499997,Pmcoa_3498546,Medline_15373085,Patent_EP2167082A1,Patent_US20080096915,Patent_WO2009012223A1,Pmcoa_4036665,Pmcoa_2442612,Pmcoa_4046142,Pmcoa_5046145"
"DELCASERTIB","DYT10","PSORIASIS","Patent_EP0805158A3,Patent_EP0805158B1,Patent_EP0657458B1,Patent_EP1449529B1,Patent_EP0805158A2,Patent_US20050287132,Patent_EP0657458A1,Pmcoa_2678983","Patent_EP2194124A1,Patent_EP1934338A2,Patent_US20110098224,Patent_US20070141040,Patent_WO2007035782A2,Pmcoa_4166028"
"BUPIVACAINE","DYT10","PSORIASIS","Patent_EP0805158A3,Patent_EP0805158B1,Patent_EP0657458B1,Patent_EP1449529B1,Patent_EP0805158A2,Patent_US20050287132,Patent_EP0657458A1,Pmcoa_2678983","Medline_27738501,Pmcoa_5061639"
"METHYLGLYCINE","FLVCR1","PSORIASIS","Patent_EP2712930A2,Patent_EP2068924A2,Patent_EP2077858A2,Patent_US20150044222,Patent_US20100143372,Patent_US20150147336,Patent_US20170121771,Patent_US20100261172,Patent_US20110287022,Patent_US20150132313,Patent_WO2008137838A2,Patent_WO2008070137A2,Patent_WO2009155559A1,Pmcoa_5813365","Medline_27646588,Pmcoa_5028781,Pmcoa_5833337"
"DULAGLUTIDE","GLP1R","PSORIASIS","Medline_22160246,Medline_21744074","Medline_26009229,Medline_28283565,Patent_EP3329930A1,Medline_25029955,Medline_26656966,Medline_24742660,Medline_29483060,Medline_29377522,Pmcoa_5008205,Pmcoa_4705511,Patent_US20170275370,Pmcoa_6021307,Pmcoa_4113177,Patent_WO2017112824A2,Pmcoa_5013324,Pmcoa_4934019,Pmcoa_4509428,Medline_26059826,Medline_25860029"
"GLIMEPIRIDE","GLP1R","PSORIASIS","Medline_22160246,Medline_21744074","Pmcoa_3819901,Patent_EP3042207A2,Patent_US20160202273"
"HQL 79","HPGDS","PSORIASIS","Medline_23489263,Patent_US20150038499,Patent_US20150307914","Patent_US9750749,Patent_US20100075990,Patent_US20160199386,Medline_21294159,Medline_16624958,Medline_18492946,Patent_US20130079375,Patent_US9126973,Patent_US8450326,Patent_EP2350059A2,Medline_22068479,Patent_EP2350059B1,Patent_US20120015001,Patent_US9320723,Patent_WO2004016223A2,Patent_US20150099748,Patent_WO2010033977A2,Pmcoa_4486370,Pmcoa_3050850,Pmcoa_4292445,Pmcoa_3248891,Patent_US8536185,Pmcoa_5515835,Medline_16547010"
"LINSITINIB","IGF1R","PSORIASIS","Medline_10802619,Patent_EP1191941A1,Patent_US20050261230,Patent_US6900186,Patent_WO2000078341A1,Patent_EP1938819A2,Patent_EP1498121A1,Patent_US20040186169,Patent_US20090326248,Patent_US7662851,Patent_EP1597366B1,Patent_EP1597366A1,Patent_US20090286849,Patent_US20040171149,Patent_US20060234239,Patent_US20130096176,Patent_US20090111767,Patent_US8217017,Patent_US7468356,Patent_WO2004072284A1","Patent_US20130158264,Pmcoa_5718000,Pmcoa_4453276,Pmcoa_5302955,Pmcoa_4747355,Medline_29262576,Pmcoa_3388245,Pmcoa_4946092,Pmcoa_5732742,Pmcoa_5662764,Pmcoa_5834254,Pmcoa_5031330,Pmcoa_5226581,Pmcoa_3356071,Pmcoa_4164328,Medline_22170383,Patent_WO2016064716A1,Medline_26041671,Patent_US20110275644,Patent_US20110217309,Pmcoa_3717308,Pmcoa_3853032,Medline_26429980,Medline_26561558,Medline_29251331,Medline_28440057,Medline_24687941,Medline_25483727,Medline_25573956,Medline_24759003,Patent_EP2350317A2,Medline_27286459,Medline_29207959,Medline_24161672,Patent_US20100240665,Medline_26956669,Patent_EP2780469A1,Patent_EP3253733A1,Patent_US20120064072,Patent_US20150269307,Patent_US20160144027,Patent_US20140154264,Patent_US20170326205,Patent_US8163509,Patent_US20170258495,Patent_US9632074,Patent_US20160015709,Patent_US20170020964,Patent_US20160144028,Patent_WO2013152313A1,Patent_WO2016182988A1,Patent_WO2016125169A1,Patent_US20140303133,Patent_WO2013075059A1,Patent_WO2012167028A2,Patent_WO2010048123A2,Patent_WO2016172226A1,Pmcoa_3656383,Patent_WO2017062426A1,Pmcoa_3135278,Pmcoa_3302113,Pmcoa_3597533,Patent_US9724393,Pmcoa_5094996,Pmcoa_5065953,Pmcoa_3672007,Pmcoa_4663284,Pmcoa_4246767,Pmcoa_5381259,Pmcoa_4598970,Pmcoa_5482604,Pmcoa_5216960,Pmcoa_5464869,Pmcoa_4324539,Pmcoa_4741867,Pmcoa_4887336,Pmcoa_5048293,Pmcoa_4177604,Pmcoa_4014081,Pmcoa_4399020,Pmcoa_4835175,Pmcoa_5226784,Pmcoa_5655304,Pmcoa_5814180,Pmcoa_5482874,Patent_WO2014123476A1,Pmcoa_3868504,Pmcoa_5356237,Pmcoa_4419619,Pmcoa_3141798,Patent_EP2400985A2,Patent_US20090092596,Patent_US20120101084,Patent_US8048621,Patent_US20120189641,Patent_WO2010099139A2,Pmcoa_5111065,Patent_US20130005733"
"ROBATUMUMAB","IGF1R","PSORIASIS","Medline_10802619,Patent_EP1191941A1,Patent_US20050261230,Patent_US6900186,Patent_WO2000078341A1,Patent_EP1938819A2,Patent_EP1498121A1,Patent_US20040186169,Patent_US20090326248,Patent_US7662851,Patent_EP1597366B1,Patent_EP1597366A1,Patent_US20090286849,Patent_US20040171149,Patent_US20060234239,Patent_US20130096176,Patent_US20090111767,Patent_US8217017,Patent_US7468356,Patent_WO2004072284A1","Medline_22188815,Pmcoa_3081058,Pmcoa_4303167,Medline_24905030,Medline_20124453,Pmcoa_4149550"
"LANTUS","IGF1R","PSORIASIS","Medline_10802619,Patent_EP1191941A1,Patent_US20050261230,Patent_US6900186,Patent_WO2000078341A1,Patent_EP1938819A2,Patent_EP1498121A1,Patent_US20040186169,Patent_US20090326248,Patent_US7662851,Patent_EP1597366B1,Patent_EP1597366A1,Patent_US20090286849,Patent_US20040171149,Patent_US20060234239,Patent_US20130096176,Patent_US20090111767,Patent_US8217017,Patent_US7468356,Patent_WO2004072284A1","Medline_20730455,Pmcoa_3355935,Pmcoa_4219851,Pmcoa_3114335,Medline_14722023,Pmcoa_3699703,Pmcoa_3712049,Pmcoa_3581051,Medline_19153208,Pmcoa_4349771,Pmcoa_2832019,Pmcoa_4531810,Pmcoa_3960261"
"CIXUTUMUMAB","IGF1R","PSORIASIS","Medline_10802619,Patent_EP1191941A1,Patent_US20050261230,Patent_US6900186,Patent_WO2000078341A1,Patent_EP1938819A2,Patent_EP1498121A1,Patent_US20040186169,Patent_US20090326248,Patent_US7662851,Patent_EP1597366B1,Patent_EP1597366A1,Patent_US20090286849,Patent_US20040171149,Patent_US20060234239,Patent_US20130096176,Patent_US20090111767,Patent_US8217017,Patent_US7468356,Patent_WO2004072284A1","Patent_US20140341922,Medline_25543125,Medline_20166202,Pmcoa_4608384,Medline_17875788,Pmcoa_3344278,Pmcoa_3113372,Pmcoa_4164328,Medline_22323052,Pmcoa_4312119,Pmcoa_3938039,Pmcoa_4059749,Patent_US20120100166,Patent_WO2013007801A1"
"FIGITUMUMAB","IGF1R","PSORIASIS","Medline_10802619,Patent_EP1191941A1,Patent_US20050261230,Patent_US6900186,Patent_WO2000078341A1,Patent_EP1938819A2,Patent_EP1498121A1,Patent_US20040186169,Patent_US20090326248,Patent_US7662851,Patent_EP1597366B1,Patent_EP1597366A1,Patent_US20090286849,Patent_US20040171149,Patent_US20060234239,Patent_US20130096176,Patent_US20090111767,Patent_US8217017,Patent_US7468356,Patent_WO2004072284A1","Pmcoa_2920021,Pmcoa_3306383,Medline_27488947,Pmcoa_4973270,Pmcoa_4313785,Pmcoa_3359746,Medline_26287334,Pmcoa_4545894,Patent_US20120100166,Patent_EP2850229A1,Patent_US20150072895,Patent_EP2984176A2,Patent_US20160313343,Patent_WO2013173627A1,Patent_US9840728,Patent_WO2015103645A2,Patent_WO2016004233A2,Patent_US20150376678,Pmcoa_4599304"
"DUSIGITUMAB","IGF1R","PSORIASIS","Medline_10802619,Patent_EP1191941A1,Patent_US20050261230,Patent_US6900186,Patent_WO2000078341A1,Patent_EP1938819A2,Patent_EP1498121A1,Patent_US20040186169,Patent_US20090326248,Patent_US7662851,Patent_EP1597366B1,Patent_EP1597366A1,Patent_US20090286849,Patent_US20040171149,Patent_US20060234239,Patent_US20130096176,Patent_US20090111767,Patent_US8217017,Patent_US7468356,Patent_WO2004072284A1","Medline_21245093,Pmcoa_3845553,Patent_EP3082859A1,Patent_US20160324962,Patent_WO2015095329A1"
"D-ORNITHINE, 2-(DIFLUOROMETHYL)-","ODC1","PSORIASIS","Medline_8374143,Medline_7068977,Medline_7104206,Patent_EP0372941A2","Medline_6175860,Medline_1699428,Medline_3109383,Medline_2475032,Medline_7810648,Medline_3101528,Patent_US4914086,Medline_1482141,Medline_1671624,Medline_12467913,Medline_2971724,Medline_10903418,Medline_29635516,Medline_6432848,Medline_6692368,Patent_EP0669978A1,Patent_EP0811160A1,Patent_EP0890362A1,Patent_EP0988377B1,Patent_EP1002081B1,Patent_EP1007706A1,Patent_EP1073738A2,Patent_EP1470252B1,Patent_EP1629011A2,Patent_EP1846039A2,Patent_EP1855711B1,Medline_2498115,Medline_3009500,Medline_8167149,Medline_8618048,Patent_EP0892809B1,Patent_EP0956354B1,Patent_EP1019082B2,Patent_EP1078060A2,Patent_EP1131450B1,Patent_EP1290142A1,Patent_EP1317485A2,Patent_EP1456241A2,Patent_EP1585820A2,Patent_EP1905457B1,Patent_EP2126097A2,Patent_EP2141239A1,Patent_EP2205625B1,Patent_EP2215247A1,Patent_EP2252627B1,Patent_EP2264152B1,Patent_EP2326707B1,Patent_EP1871882A1,Patent_EP1942189A2,Patent_EP2046964A2,Patent_EP2097529A1,Patent_EP2298925A2,Patent_EP2931950A1,Patent_US20020169119,Patent_US20030175884,Patent_US20030216318,Patent_US20040014174,Patent_US20040121362,Patent_US20050158287,Patent_US20050220789,Patent_US20060235201,Patent_US20070122408,Patent_US20080184388,Patent_US20080254030,Patent_US20080255339,Patent_US20090022738,Patent_US20090186019,Patent_US20100021467,Patent_US20100317097,Patent_US20110002941,Patent_EP0927043B1,Patent_EP0969865B1,Patent_EP1210102B1,Patent_EP1232182B1,Patent_EP1490099A2,Patent_EP1587921B1,Patent_EP1590372A2,Patent_EP1673398B1,Patent_EP1716178A1,Patent_EP1720903A1,Patent_EP1857546A1,Patent_EP2360259A2,Patent_EP2380910A1,Patent_EP2395023A2,Patent_EP2438079A2,Patent_EP2552964A1,Patent_EP2809147A1,Patent_EP2938740A1,Patent_EP3250695A1,Patent_US20010013134,Patent_US20020068302,Patent_US20020086382,Patent_US20020086392,Patent_US20020106779,Patent_US20020142358,Patent_US20020146759,Patent_US20020157120,Patent_US20030086919,Patent_US20030157519,Patent_US20030180300,Patent_US20050074797,Patent_US20050132442,Patent_US20050176028,Patent_US20050221340,Patent_US20110160126,Patent_US20110294984,Patent_US20130023474,Patent_US20140127241,Patent_US20150344584,Patent_US20160168217,Patent_US20160168218,Patent_US20160251676,Patent_US20170096676,Patent_US5401650,Patent_US5643748,Patent_US5824867,Patent_US5837258,Patent_US5846712,Patent_US5932474,Patent_US6005080,Patent_US6020193,Patent_EP2155783A2,Patent_EP2162537B1,Patent_EP2180007A2,Patent_EP2208785A1,Patent_EP2340709A1,Patent_EP2356153B1,Patent_EP2387610A2,Patent_EP2463370B1,Patent_EP2809682A1,Patent_EP2814944A1,Patent_EP2964675A1,Patent_EP2964753A1,Patent_EP3041344A1,Patent_EP3051940A1,Patent_US20020098547,Patent_US20030013149,Patent_US20030036509,Patent_US20030120051,Patent_US20040014702,Patent_US20040072290,Patent_US20040115814,Patent_US20040171823,Patent_US20060035373,Patent_US20060183137,Patent_US20050221445,Patent_US20050233428,Patent_US20050272128,Patent_US20060084610,Patent_US20060147372,Patent_US20060292143,Patent_US20080301833,Patent_US20090126260,Patent_US20090253635,Patent_US20090280545,Patent_US20090325208,Patent_US20100113811,Patent_US20100285480,Patent_US20110008883,Patent_US20110256137,Patent_US20140068813,Patent_US20150079091,Patent_US20150174196,Patent_US20160076009,Patent_US20160106858,Patent_US20160168221,Patent_US20160319291,Patent_US20170283865,Patent_US6046925,Patent_US6051397,Patent_US6103877,Patent_US6323023,Patent_US6774217,Patent_US6825035,Patent_US6891082,Patent_US6908984,Patent_US6955898,Patent_US7217525,Patent_US7235710,Patent_US7348178,Patent_US7544776,Patent_US7759091,Patent_US7915398,Patent_US8062996,Patent_US8124091,Patent_US8323964,Patent_US8586712,Patent_US20070054277,Patent_US20080242611,Patent_US20090017522,Patent_US20100190161,Patent_US20100333231,Patent_US20110262439,Patent_US20110293609,Patent_US20110293619,Patent_US20120220021,Patent_US20140173774,Patent_US20140227253,Patent_US20140234904,Patent_US20160000842,Patent_US20160244770,Patent_US20160264671,Patent_US20170022517,Patent_US20170182122,Patent_US20170342430,Patent_US5491075,Medline_17183546,Medline_24197009,Medline_11435720,Medline_1995879,Medline_15175104,Patent_US5807981,Patent_US5814457,Patent_US6039950,Patent_US6326484,Patent_US6518400,Patent_US6872699,Patent_US6911528,Patent_US6927320,Patent_US6967096,Patent_US7439335,Medline_2104632,Medline_3118799,Medline_3134121,Patent_US9765404,Patent_WO1998007886A1,Patent_WO1999021009A1,Patent_WO1999023253A1,Patent_WO1999045128A2,Patent_WO2000001833A1,Patent_WO2000036124A2,Patent_WO2001031041A2,Patent_WO2001078770A1,Patent_WO2002014557A1,Patent_WO2002033115A2,Patent_WO2004029284A2,Patent_WO2004106531A1,Patent_WO2007025181A2,Patent_WO2008006028A2,Patent_WO2008150463A2,Patent_WO2009064777A2,Patent_WO2011034968A1,Patent_WO2012007557A1,Patent_WO2014138306A1,Patent_WO2014207556A1,Medline_10225001,Patent_US5804446,Patent_US6132728,Patent_US6140466,Patent_US6214794,Patent_US6232117,Patent_US6294367,Patent_US6464983,Patent_US6506578,Patent_US6656734,Patent_US6780975,Patent_US7037677,Patent_US7037678,Patent_US7060869,Patent_US7101977,Patent_US7153657,Patent_US7364845,Patent_US7465581,Patent_US7966338,Patent_US7993879,Patent_US8071789,Patent_US8163546,Patent_US8216580,Patent_US8258257,Patent_US8268553,Patent_US8292975,Patent_US8822411,Medline_10519408,Medline_10630381,Medline_1415709,Medline_2515533,Medline_2825697,Medline_3114026,Patent_US7517652,Patent_US7566768,Patent_US7732195,Patent_US8043831,Patent_US8067667,Patent_US8075641,Patent_US8283170,Patent_US9249421,Patent_US9382549,Patent_US9676833,Patent_WO1995019431A1,Patent_WO1999054440A1,Patent_WO1999066055A2,Patent_WO2000020434A1,Patent_WO2000024254A1,Patent_WO2000056905A2,Patent_WO2001007059A1,Patent_WO2001012210A1,Patent_WO2001070763A1,Patent_WO2004069876A2,Patent_WO2007106603A2,Patent_WO2008089152A2,Patent_WO2008119565A2,Medline_7559809,Medline_7639687,Medline_6803079,Medline_8017096,Medline_8094315,Medline_2862252,Medline_7958401,Medline_6809478,Patent_US9089525,Patent_US9492563,Patent_US9586996,Patent_WO1998030715A1,Patent_WO1999041281A1,Patent_WO1999058678A2,Patent_WO2001027294A1,Patent_WO2001042296A2,Patent_WO2002010214A2,Patent_WO2003025120A2,Patent_WO2004009794A2,Patent_WO2005059121A2,Patent_WO2005073249A1,Patent_WO2011034823A1,Patent_WO2013113615A1,Patent_WO2014172584A1,Patent_WO2016109840A2,Medline_3125182,Medline_23123718,Medline_3011686,Medline_8347171,Patent_EP0647275B2,Patent_EP0659217B1,Patent_EP0670896B2,Patent_EP0886644B1,Patent_EP0877547A1,Patent_EP0966478A1,Patent_EP0970199B1,Patent_EP1100535B1,Patent_EP1139750A1,Patent_EP1210102A2,Patent_EP1378570B1,Patent_EP0647275A1,Patent_EP0670896A1,Patent_EP0671923B1,Patent_EP0672128A1,Patent_WO2008120194A2,Patent_WO2014164554A1,Pmcoa_2119593,Pmcoa_5644631,Medline_8601724,Medline_9225449,Patent_EP0520843A3,Patent_EP0730606B1,Patent_EP0927043A1,Patent_EP0969865A1,Patent_EP1020528A3,Patent_EP1165586A1,Patent_EP1285966A1,Medline_3125429,Patent_EP0248217A2,Patent_EP0307247A2,Patent_EP0669978B1,Patent_EP0988377A1,Patent_EP0996726B1,Patent_EP1007706B1,Patent_EP1066390A2,Patent_EP1098664B1,Patent_EP1238073A2,Patent_EP1266014A2,Patent_EP1311680A2,Patent_EP1414861A2,Patent_EP1576101A2,Patent_EP1731164A1,Patent_EP1928897A2,Patent_EP2352765B1,Patent_EP0877547B1,Patent_EP0970199A1,Patent_EP1003531B1,Patent_EP1009805B1,Patent_EP1100535A1,Patent_EP1107768B1,Patent_EP1250155B1,Patent_EP1378570A1,Medline_6815870,Medline_8726018,Patent_EP0307247B1,Patent_EP0815116A1,Patent_EP0892849B1,Patent_EP1032837B1,Patent_EP1066390B1,Patent_EP1071700A1,Patent_EP1071752A1,Patent_EP1123398B1,Patent_WO2016134311A1,Medline_6950518,Medline_7688751,Medline_9347337,Patent_EP0215319B1,Patent_EP0307248A2,Patent_EP1058734A2,Patent_EP1088067A1,Patent_EP1137786B1,Patent_EP1285065A2,Patent_EP1629013A1,Patent_EP1637607B1,Patent_EP1685239A2,Patent_EP1819732A2,Patent_EP1924699A2,Patent_EP2046806A2,Patent_EP2057192A2,Patent_EP2171085A2,Patent_EP2188376A2,Patent_EP2203542A1,Patent_EP2292664B1,Patent_EP2431471A1,Patent_EP2726511A2,Patent_EP3240889A2,Patent_US20020132229,Patent_US20020168428,Patent_US20020192790,Patent_US20020197232,Patent_US20030147862,Patent_EP1587921A2,Patent_EP1652856A1,Patent_EP1871805A2,Patent_EP2155783B1,Patent_EP2162537A2,Patent_EP2180007B1,Patent_EP2356153A2,Patent_EP2366783B1,Patent_EP2681244B1,Patent_EP2920212A1,Patent_EP2925775A2,Patent_EP3136842A1,Patent_EP3189144A1,Patent_EP3241897A1,Patent_US20010003585,Patent_US20020169131,Patent_US20030022305,Patent_US20030074686,Patent_US20040092450,Patent_US20040241817,Patent_US20050191702,Patent_US20050244970,Patent_EP0724632B1,Patent_EP0770129B1,Patent_EP1015473A1,Patent_EP1053315A1,Patent_EP1140969B1,Patent_EP1218399A1,Patent_EP1285065B1,Patent_EP1346731A1,Patent_EP1350848A2,Patent_EP1427834A1,Patent_EP1637607A2,Patent_EP1685239B1,Patent_EP1696721A2,Patent_EP1795203A2,Patent_EP2057192B1,Patent_EP2140009A2,Patent_EP2292664A2,Patent_EP2808338A1,Patent_EP2964241A1,Patent_EP3212774A1,Patent_EP3262064A1,Patent_US20020022023,Patent_US20020155121,Patent_EP1496364A2,Patent_EP1534840A2,Patent_EP1673398A1,Patent_EP1692182B1,Patent_EP1716178B1,Patent_EP1881849A2,Patent_EP2077282B1,Patent_EP2180007B2,Patent_EP2264151A2,Patent_EP2295465B1,Patent_EP2322635A2,Patent_EP2336186A1,Patent_EP2342344A1,Patent_EP2463370A1,Patent_EP2520590A2,Patent_EP3146055A2,Patent_EP3207147A1,Patent_EP3209681A1,Patent_EP3219200A1,Patent_US20010000488,Patent_US20020157122,Patent_US20030083373,Patent_US20030103992,Patent_US20040003427,Medline_8742517,Patent_EP2935592A1,Patent_EP3143143A1,Patent_US20020025307,Patent_US20020072101,Patent_US20020090374,Patent_US20020157126,Patent_US20020165364,Patent_US20050176065,Patent_US20050244854,Patent_US20060053507,Patent_US20070025957,Patent_US20080206871,Patent_US20080299104,Patent_US20090186029,Patent_US20090196872,Patent_US20090233860,Patent_US20100041092,Patent_US20100122367,Patent_US20100151519,Patent_US20100158907,Patent_US20100169989,Patent_US20100183615,Patent_US20110239317,Patent_US20120011614,Patent_EP1554386A2,Patent_EP1896578A1,Patent_EP2020447A1,Patent_EP2077282A2,Patent_EP2205697A1,Patent_EP2264151B1,Patent_EP2295465A2,Patent_EP2322634A2,Patent_EP2322635B1,Patent_EP2366783A1,Patent_EP2809144A1,Patent_US20020037574,Patent_US20020081650,Patent_US20020168370,Patent_US20030059767,Patent_US20030143521,Patent_US20040014128,Patent_US20050037469,Patent_US20050084885,Patent_US20050107321,Patent_US20050118677,Patent_US20050164345,Patent_US20050235367,Medline_8849262,Patent_EP0892849A1,Patent_EP1002081A2,Patent_EP1071700B1,Patent_EP1071752B1,Patent_EP1073738B1,Patent_EP1141247A2,Patent_EP1375665A1,Patent_EP1470252A2,Patent_EP1530633B8,Patent_EP1572906A2,Patent_EP1311680B1,Patent_EP1313867A2,Patent_EP1348715A2,Patent_EP1383372A2,Patent_EP1414471A2,Patent_EP1414861B1,Patent_EP1573034A2,Patent_EP1732581A2,Patent_EP2180044A1,Patent_EP2352765A2,Patent_EP2473532B1,Patent_EP3216458A1,Patent_US20020142391,Patent_US20020142467,Patent_US20020169283,Patent_US20030096249,Patent_US20030165974,Patent_US20030232419,Patent_US20040223953,Patent_EP1019082A1,Patent_EP1078060B1,Patent_EP1082415A1,Patent_EP1131450A2,Patent_EP1317485B1,Patent_EP1456241B1,Patent_EP1508574A2,Patent_EP1585820B1,Patent_EP1984399A2,Patent_EP2126097B1,Patent_EP2195426A2,Patent_EP2205625A2,Patent_EP2264152A2,Patent_EP2322199B1,Patent_EP2326707A2,Patent_EP2380911A1,Patent_EP2405009B1,Patent_EP2531600A1,Patent_EP2573104A1,Medline_8428357,Patent_EP0647275B1,Patent_EP0670896B1,Patent_EP0671923A1,Patent_EP0672128B1,Patent_EP0724632A1,Patent_EP0770129A1,Patent_EP0927043B8,Patent_EP1080191A1,Patent_EP0520843B1,Patent_EP0792168A1,Patent_EP0892809A1,Patent_EP0956354A1,Patent_EP0990042A1,Patent_EP1073770A2,Patent_EP1140964B1,Patent_EP1247103A2,Patent_EP1425036A2,Patent_EP1905457A1,Patent_EP1925672A1,Patent_EP1931712A2,Patent_EP2141239B1,Patent_EP2155788A2,Patent_EP2210947B1,Patent_EP2215247B1,Patent_EP2252627A1,Patent_EP2336336A2,Patent_EP2336337B1,Patent_EP2352763B1,Patent_EP2380910B1,Patent_EP2477478B1,Patent_EP2504357B1,Patent_EP3020727A1,Patent_US20020019005,Patent_EP0215319A2,Patent_EP0307248B1,Patent_EP0520843A2,Patent_EP0554385B1,Patent_EP1019082B1,Patent_EP1020528A2,Patent_EP1073770B1,Patent_EP1082415B1,Patent_EP1117675A1,Patent_EP1247103B1,Patent_EP1355922A2,Patent_EP1524275A2,Patent_EP1888649A2,Patent_EP2210947A2,Patent_EP2322199A1,Patent_EP2333075A1,Patent_EP2336336B1,Patent_US20030176349,Patent_US20030215421,Patent_US20060039918,Patent_US20060153851,Patent_US20070071745,Patent_US20070178499,Patent_US20070259373,Patent_US20080112937,Patent_US20080182269,Patent_US20080182311,Patent_US20080184389,Patent_US20080241167,Patent_US20090081124,Patent_US20090325155,Patent_US20100136061,Patent_US20100150918,Patent_US20110081718,Patent_US20120252054,Patent_US20130212737,Patent_US20150059023,Patent_US20160015750,Patent_US20160168216,Patent_US20060142547,Patent_US20060188924,Patent_US20060240423,Patent_US20080207449,Patent_US20080244765,Patent_US20090136950,Patent_US20090214532,Patent_US20090304690,Patent_US20100022624,Patent_US20100137568,Patent_US20100151555,Patent_US20110044976,Patent_US20110124564,Patent_US20110126303,Patent_US20110159595,Patent_US20120101045,Patent_US20120122203,Patent_US20130065312,Patent_US20140194352,Patent_US20150010978,Patent_US20150259695,Patent_US20160168220,Patent_US20160229923,Patent_US20030017979,Patent_US20030054527,Patent_US20030059427,Patent_US20030077735,Patent_US20030087238,Patent_US20030213006,Patent_US20040018603,Patent_US20040038339,Patent_US20040146858,Patent_US20050246796,Patent_US20060263368,Patent_US20070178105,Patent_US20080057539,Patent_US20080131940,Patent_US20080221021,Patent_US20090087890,Patent_US20090311280,Patent_US20100275333,Patent_US20110030084,Patent_US20120107853,Patent_US20040073969,Patent_US20040248783,Patent_US20050170334,Patent_US20050271659,Patent_US20070081993,Patent_US20070111281,Patent_US20090232817,Patent_US20090253169,Patent_US20090269341,Patent_US20100112689,Patent_US20120231546,Patent_US20130084284,Patent_US20140242658,Patent_US20150047070,Patent_US20150056301,Patent_US20150307889,Patent_US20160024175,Patent_US20160068851,Patent_US20160166642,Patent_EP0659217A1,Patent_EP0886644A1,Patent_EP0909315A2,Patent_EP1301532B1,Patent_EP1385950A2,Patent_EP1772519A1,Patent_EP2220125A2,Patent_EP2370467A2,Patent_EP2407534A1,Patent_EP2444422B1,Patent_EP2646559A2,Patent_EP2971053A2,Patent_US20030022313,Patent_US20030153739,Patent_US20120309939,Patent_US20130006004,Patent_US20130028928,Patent_US20140208455,Patent_US20140364454,Patent_US20150010567,Patent_US20160076010,Patent_US20160186196,Patent_US20160194649,Patent_US20160304614,Patent_US5580757,Patent_US5654186,Patent_US5998204,Patent_US20060183686,Patent_US20070087990,Patent_US20080020406,Patent_US20080213256,Patent_US20080233571,Patent_US20090010921,Patent_US20090028832,Patent_US20090093413,Patent_US20090136983,Patent_US20090148904,Patent_US20100055701,Patent_US20100061997,Patent_US20100154070,Patent_US20100233080,Patent_US20110104263,Patent_US20110275787,Patent_US20120034228,Patent_US20120244162,Patent_US20140289895,Patent_US20160015749,Patent_US20160208009,Patent_US20160272719,Patent_EP1833848A2,Patent_EP1855711A2,Patent_EP1942189B1,Patent_EP2086575A2,Patent_EP2194131A2,Patent_EP2294179A2,Patent_EP2298925B1,Patent_EP2381761A1,Patent_EP2395024A2,Patent_EP2402374A1,Patent_EP2964764A1,Patent_US20030138782,Patent_US20030180799,Patent_US20030215850,Patent_US20040030114,Patent_US20040132657,Patent_US20040265316,Patent_US20050131217,Patent_US20060134628,Patent_US20060198820,Patent_US20060211114,Patent_US20060280749,Patent_US20070150970,Patent_US20070213269,Patent_US20050079154,Patent_US20050118628,Patent_US20060051815,Patent_US20060063230,Patent_US20060094088,Patent_US20070154989,Patent_US20080307546,Patent_US20090017022,Patent_US20090093407,Patent_US20090111126,Patent_US20090191146,Patent_US20100015148,Patent_US20100145024,Patent_US20140173780,Patent_US20150099648,Patent_US20150291677,Patent_US20160176934,Patent_US20170246278,Patent_US20170335290,Patent_EP3106468A1,Patent_EP3172240A1,Patent_US20020102267,Patent_US20020131959,Patent_US20020164719,Patent_US20030036178,Patent_US20030087377,Patent_US20040038232,Patent_US20040115815,Patent_US20040142855,Patent_US20050123546,Patent_US20050191648,Patent_US20060040853,Patent_US20090317358,Patent_US20110002910,Patent_US20120216320,Patent_US20120288918,Patent_EP1346731B1,Patent_EP1385950B1,Patent_EP1427834B1,Patent_EP2221379A1,Patent_EP2290105A1,Patent_EP2370467B1,Patent_EP2404937A1,Patent_EP2444422A2,Patent_EP2765198A2,Patent_EP2808338B1,Patent_EP2809143A1,Patent_EP2934094A1,Patent_EP2986636A1,Patent_EP3155005A2,Patent_US20030027164,Patent_US20030040476,Patent_US20030078224,Patent_US20040077581,Patent_US20040101840,Patent_US20040110289,Patent_US20050079525,Patent_US20050287530,Patent_US20030091551,Patent_US20030232776,Patent_US20040005663,Patent_US20040019926,Patent_US20050053997,Patent_US20050054090,Patent_US20060073128,Patent_US20060075523,Patent_US20060090212,Patent_US20060154283,Patent_US20060193852,Patent_US20070071742,Patent_US20080020418,Patent_US20090093026,Patent_US20090093412,Patent_US20090123940,Patent_US20090142793,Patent_US20090162366,Patent_US20100056457,Patent_US20100152051,Patent_US20100190838,Patent_EP2336337A2,Patent_EP2352763A2,Patent_EP2504357A2,Patent_EP2567969A1,Patent_EP2968601A1,Patent_EP3227477A1,Patent_US20020052015,Patent_US20020151030,Patent_US20020155431,Patent_US20030092120,Patent_US20040186067,Patent_US20050026158,Patent_US20050081268,Patent_US20050132441,Patent_US20050244841,Patent_US20050276811,Patent_US20060073564,Patent_US20060257921,Patent_US20070169227,Patent_US20090269816,Patent_US20090274816,Patent_US20100104559,Patent_US20110250611,Patent_US20160168219,Patent_US20160304897,Patent_US5597898,Patent_US5677144,Patent_US5773248,Patent_US5981708,Patent_US5985598,Patent_US6054121,Patent_US6077707,Patent_US6210664,Patent_US6242212,Patent_US6387663,Patent_US6699687,Patent_US6989146,Patent_US6995135,Patent_US6124131,Patent_US6277566,Patent_US6294653,Patent_US6303768,Patent_US6326469,Patent_US6436673,Patent_US6596493,Patent_US6645490,Patent_US6906181,Patent_US7091331,Patent_US7115390,Patent_US7157418,Patent_US7189829,Patent_US7265267,Patent_US7393682,Patent_US8685679,Patent_US8883980,Patent_US8969066,Patent_US9018451,Patent_US9371570,Patent_US20120117689,Patent_US20120122206,Patent_US20130157961,Patent_US20130288297,Patent_US20140050838,Patent_US20140308269,Patent_US20160152707,Patent_US20160251723,Patent_US20170157199,Patent_US5563246,Patent_US5874562,Patent_US6258584,Patent_US6399331,Patent_US6562613,Patent_US6565845,Patent_US20170073695,Patent_US20170121370,Patent_US5650299,Patent_US5846800,Patent_US6054271,Patent_US6281332,Patent_US6355479,Patent_US6403374,Patent_US6428998,Patent_US7018617,Patent_US7060793,Patent_US7138503,Patent_US7402430,Patent_US7863418,Patent_US7919089,Patent_US8097436,Patent_US20040241650,Patent_US20050059144,Patent_US20050059154,Patent_US20060009412,Patent_US20060078537,Patent_US20070078085,Patent_US20080280322,Patent_US20090010917,Patent_US20090093425,Patent_US20090098049,Patent_US20090123977,Patent_US20090176966,Patent_US20090233861,Patent_US20100050301,Patent_US20110151515,Patent_US20120055081,Patent_US20120064629,Patent_US20120252097,Patent_US20130219552,Patent_US20130243768,Patent_US6140066,Patent_US6368848,Patent_US6469154,Patent_US6565848,Patent_US7205272,Patent_US7220838,Patent_US7592507,Patent_US8039690,Patent_US8318436,Patent_US8318899,Patent_US8580943,Patent_US8932576,Patent_US9068008,Patent_US9493844,Patent_US9617524,Patent_US9670260,Patent_US9751924,Patent_WO1995025164A1,Patent_WO1996014877A1,Patent_WO1999047640A1,Patent_WO2000022144A2,Patent_US5346815,Patent_US5922590,Patent_US6057091,Patent_US6174526,Patent_US6326151,Patent_US6355237,Patent_US6555674,Patent_US6664039,Patent_US6685938,Patent_US6710227,Patent_US6815418,Patent_US6838079,Patent_US6908612,Patent_US7148006,Patent_US20080095770,Patent_US20080286277,Patent_US20090092578,Patent_US20090148848,Patent_US20090186806,Patent_US20090246766,Patent_US20100086532,Patent_US20100129394,Patent_US20100287671,Patent_US20100304384,Patent_US20110034372,Patent_US20110166337,Patent_US20110171230,Patent_US20120094908,Patent_US20120144530,Patent_US20130197088,Patent_US20130236943,Patent_US20140047581,Patent_US20140073005,Patent_US20170009250,Patent_US5750366,Patent_US5928884,Patent_US6030785,Patent_US6054321,Patent_US6608239,Patent_US6790941,Patent_US6821957,Patent_US7314914,Patent_US7364730,Patent_US7399473,Patent_US7524972,Patent_US8114853,Patent_US8669059,Patent_US8785722,Patent_US9206260,Patent_US9255134,Patent_US9297019,Patent_US20130183331,Patent_US20130217577,Patent_US20130224205,Patent_US20130338038,Patent_US20140041080,Patent_US20140302583,Patent_US20150143588,Patent_US20150284442,Patent_US20160200788,Patent_US20160298174,Patent_US20170182123,Patent_US20170232067,Patent_US5712097,Patent_US5981703,Patent_US5985583,Patent_US20060222657,Patent_US20070041942,Patent_US20070185074,Patent_US20100210525,Patent_US20110104148,Patent_US20110111461,Patent_US20120251529,Patent_US20120309014,Patent_US20130007911,Patent_US20130129730,Patent_US20140302577,Patent_US20150064708,Patent_US20160168215,Patent_US20160287663,Patent_US20170191042,Patent_US20170327551,Patent_US5705625,Patent_US20110275107,Patent_US20120058535,Patent_US20120116138,Patent_US20120142763,Patent_US20120322102,Patent_US20130018000,Patent_US20140243266,Patent_US20140298547,Patent_US20160017048,Patent_US20160075755,Patent_US20170015745,Patent_US5686240,Patent_US5856111,Patent_US5959174,Patent_US6008378,Patent_US20110256544,Patent_US20130338017,Patent_US20140205625,Patent_US20150051081,Patent_US20160045565,Patent_US20160168222,Patent_US5356804,Patent_US5559022,Patent_US5756668,Patent_US5853716,Patent_US5854392,Patent_US5869610,Patent_US7045305,Patent_US7175995,Patent_US7476657,Patent_US7829333,Patent_US7947495,Patent_US8076459,Patent_US8133709,Patent_US8198042,Patent_US8784821,Patent_US8933296,Patent_US9145528,Patent_WO1996000586A2,Patent_WO1998056936A1,Patent_WO1999054463A2,Patent_WO1999057312A1,Patent_WO1999061590A1,Patent_WO2000034226A1,Patent_WO2000077196A1,Patent_WO2001034647A2,Patent_WO2002012286A2,Patent_WO2002016655A2,Patent_WO2002047466A2,Patent_WO2002081490A2,Patent_WO2003017937A2,Patent_WO1994000590A1,Patent_WO1994005811A1,Patent_WO1998030576A1,Patent_WO2000036091A2,Patent_WO2000037488A2,Patent_WO2003016480A2,Patent_WO2006029078A2,Patent_WO2006066960A1,Patent_WO2007095152A2,Patent_WO2008070367A2,Patent_WO2009124282A1,Patent_WO2013126512A1,Patent_WO2014145776A2,Patent_WO2016065106A1,Patent_WO2016149665A1,Patent_US7041801,Patent_US7074617,Patent_US7119251,Patent_US7309816,Patent_US7459541,Patent_US7575923,Patent_US7585841,Patent_US7659120,Patent_US7696405,Patent_US7833784,Patent_US7927850,Patent_US8273328,Patent_US8394771,Patent_US8614065,Patent_US8790645,Patent_US9068005,Patent_US9139654,Patent_US9260522,Patent_US9273107,Patent_US9309317,Patent_US9631023,Patent_US8193414,Patent_US8273867,Patent_US8367374,Patent_US8481286,Patent_US8486659,Patent_US8993256,Patent_US9410159,Patent_US9587036,Patent_WO1994008598A1,Patent_WO1996018639A1,Patent_WO1997018230A1,Patent_WO2000078921A2,Patent_WO2001032685A2,Patent_WO2001053348A2,Patent_WO2002012514A2,Patent_WO2002044210A2,Patent_WO2002099117A2,Patent_WO2003016333A2,Patent_WO2003025185A1,Patent_WO2003059948A1,Patent_WO2004075635A2,Patent_WO2004083434A1,Patent_WO2005054427A2,Patent_WO2008008476A2,Patent_WO2008112970A2,Patent_WO2008119567A2,Patent_US20140161767,Patent_US20140212408,Patent_US20140255513,Patent_US20150067913,Patent_US20150132829,Patent_US20150152423,Patent_US20160310532,Patent_US20170073690,Patent_US5773278,Patent_US5928922,Patent_US6177401,Patent_US6355480,Patent_US6723538,Patent_US6825325,Patent_US6900289,Patent_WO2000055169A1,Patent_WO2001003722A1,Patent_WO2001030374A1,Patent_WO2001053325A2,Patent_WO2001089317A2,Patent_WO2003092724A1,Patent_WO2004065577A2,Patent_WO2005040220A1,Patent_WO2009039015A2,Patent_WO2010019696A2,Patent_WO2010019813A2,Patent_WO2012074868A2,Patent_WO2014085365A2,Patent_WO2016061574A1,Patent_WO2017024233A1,Patent_WO2017148880A1,Pmcoa_1810305,Patent_US7608683,Patent_US7692065,Patent_US7906329,Patent_US7931901,Patent_US7964399,Patent_US8007778,Patent_US8334369,Patent_US8349320,Patent_US8609371,Patent_US8951966,Patent_US9074008,Patent_US9260493,Patent_WO1995009912A1,Patent_WO1995023231A1,Patent_WO1996025423A1,Patent_WO1996025666A1,Patent_WO1997037684A1,Patent_WO1997046256A1,Patent_WO1998037413A1,Patent_US20170275650,Patent_US5002879,Patent_US5382524,Patent_US5846796,Patent_US5916792,Patent_US5998136,Patent_US6127523,Patent_US6235498,Patent_US6562799,Patent_US6593135,Patent_US6670127,Patent_US6759063,Patent_US6808893,Patent_US6897029,Patent_US7112324,Patent_US7220834,Patent_US8013138,Patent_US9315771,Patent_WO1994000562A1,Patent_WO1995009656A1,Patent_WO1995013387A1,Patent_WO1997045543A2,Patent_WO2001012127A2,Patent_WO2001019845A1,Patent_WO2001046698A2,Patent_WO2003015763A1,Patent_WO2003078600A2,Patent_WO2003080644A2,Patent_WO2003091413A2,Patent_WO2004106383A1,Patent_WO2008051612A2,Patent_WO2008054595A2,Patent_WO2011137245A2,Patent_WO2012034865A1,Patent_WO2013052755A1,Patent_WO2014100406A1,Patent_WO2017023770A1,Patent_US6197928,Patent_US6465210,Patent_US6638736,Patent_US7741451,Patent_US8101188,Patent_US8143039,Patent_US8530621,Patent_US8999324,Patent_US9150836,Patent_US9221872,Patent_US9580483,Patent_US9765350,Patent_WO1999003974A1,Patent_WO1999006559A1,Patent_WO1999053031A2,Patent_WO1999054342A1,Patent_WO2001030968A2,Patent_WO2001071005A2,Patent_WO2001085946A2,Patent_WO2001090147A2,Patent_WO2001090344A1,Patent_WO2002053589A2,Patent_WO2002081647A2,Patent_US5767252,Patent_US5840842,Patent_US5851999,Patent_US5861266,Patent_US6005092,Patent_US6541218,Patent_US6617440,Patent_US6699677,Patent_US7560287,Patent_US8021856,Patent_US9297018,Patent_US9631198,Patent_WO1997038710A1,Patent_WO1998000440A1,Patent_WO1998031823A1,Patent_WO1998047148A1,Patent_WO1999009162A2,Patent_US6451569,Patent_US6458534,Patent_US6593110,Patent_US6677307,Patent_US6890745,Patent_US7459308,Patent_US7521536,Patent_US7696324,Patent_US7727741,Patent_US7749366,Patent_US8071733,Patent_US8183354,Patent_US8236751,Patent_US8753842,Patent_US9290557,Patent_US9631170,Patent_US9694058,Patent_WO1997018227A1,Patent_WO1998054311A1,Patent_WO1999010509A1,Patent_US6083713,Patent_US6242568,Patent_US6686458,Patent_US7087388,Patent_US7109033,Patent_US7166702,Patent_US7311920,Patent_US7507705,Patent_US7807872,Patent_US8088380,Patent_US8124830,Patent_US8530225,Patent_US8685687,Patent_US8859234,Patent_US8987433,Patent_US9102736,Patent_US9133489,Patent_US9345744,Patent_US9359614,Patent_US9695372,Patent_WO1993020197A1,Patent_WO1994012628A1,Patent_WO2003054017A2,Patent_WO2003068967A2,Patent_WO2004033619A2,Patent_WO2004042023A2,Patent_WO2008097585A2,Patent_WO2011056886A2,Patent_WO2011063320A2,Patent_WO2013116782A1,Patent_WO2013134651A1,Patent_WO2014164544A1,Patent_WO2015173398A1,Patent_WO2016054107A1,Patent_WO2017218355A1,Pmcoa_3206444,Patent_WO1998006737A1,Patent_WO1999054489A1,Patent_WO2001081614A2,Patent_WO2003035696A2,Patent_WO2003066821A2,Patent_WO2006014642A1,Patent_WO2009019208A1,Patent_WO2009042538A2,Patent_WO2013116700A1,Patent_WO2014138704A1,Patent_WO2016172372A1,Patent_WO2009064815A1,Patent_WO2010081842A2,Patent_WO2011097261A1,Patent_WO2013163423A1,Patent_US7192736,Patent_US7371723,Patent_US7442783,Patent_US7662377,Patent_US7718177,Patent_US7790951,Patent_US7846432,Patent_US8003106,Patent_US8101722,Patent_US8263412,Patent_US8546535,Patent_US9273090,Patent_US9296820,Patent_WO1994019485A1,Patent_WO1998040477A1,Patent_WO1998052581A1,Patent_WO2000006195A1,Patent_WO2000023593A2,Patent_WO2000036919A1,Patent_WO2001045751A1,Patent_WO2001090306A2,Patent_WO2003008540A2,Patent_WO2004106380A2,Patent_WO2006074451A2,Patent_WO1998055638A1,Patent_WO2001026536A2,Patent_WO2001029068A2,Patent_WO2001090314A1,Patent_WO2002068471A2,Patent_WO2003027299A2,Patent_WO2004001060A2,Patent_WO2004065540A2,Patent_WO2005047479A2,Patent_WO2008080218A1,Patent_WO2008119566A2,Patent_WO2011034936A1,Patent_WO2013123244A1,Patent_WO2015082449A2,Patent_WO2016014621A1,Patent_WO2016135130A1,Patent_WO2017069291A1,Patent_US8293975,Patent_US8362216,Patent_US8623644,Patent_US8633139,Patent_US8642742,Patent_US9644213,Patent_US9718885,Patent_WO1996031617A1,Patent_WO1997026271A1,Patent_WO1997039133A1,Patent_WO1999031260A2,Patent_WO1999057311A2,Patent_WO1999060114A1,Patent_WO2000029592A2,Patent_WO2003033650A2,Patent_WO2005003323A2,Patent_WO2006122442A1,Patent_WO2009036087A1,Patent_WO2010042138A1,Patent_WO2015179621A2,Patent_WO2005077982A1,Patent_WO2006044486A2,Patent_WO2009045550A2,Patent_WO2009094634A1,Patent_WO2010129853A2,Patent_WO2011121110A1,Patent_WO2014105939A1,Patent_WO2015034885A1,Patent_WO2015066637A1,Patent_WO2015195509A2,Pmcoa_5481400,Pmcoa_5574924,Patent_WO1999016457A2,Patent_WO2000036083A2,Patent_WO2001077351A1,Patent_WO2002083901A2,Patent_WO2004065596A2,Patent_WO2006012222A2,Patent_WO2008150461A2,Patent_WO2009039201A1,Patent_WO2009158658A2,Patent_WO2010141471A2,Patent_WO2014089513A1,Patent_WO2016073855A1,Patent_WO2016089829A1,Pmcoa_3940083,Pmcoa_436064,Patent_WO1999021013A1,Patent_WO1999051986A1,Patent_WO1999060140A2,Patent_WO2000000604A1,Patent_WO2001004266A1,Patent_WO2001022982A2,Patent_WO2001042294A2,Patent_WO2001083755A2,Patent_WO2003007889A2,Patent_WO2003059942A2,Patent_WO2004009796A2,Patent_WO2004018673A2,Patent_WO2008002600A2,Patent_WO2008109779A2,Patent_WO2009132308A2,Patent_WO2011113005A2,Patent_WO2015051083A1,Patent_WO2015167956A1,Patent_WO2017148879A1,Patent_WO2017173005A1,Patent_WO1997017988A1,Patent_WO1999017798A1,Patent_WO1999038965A1,Patent_WO2000004926A2,Patent_WO2001085908A2,Patent_WO2002006458A2,Patent_WO2003068167A2,Patent_WO2004061113A1,Patent_WO2006100582A1,Patent_WO2007011827A2,Patent_WO2010078156A1,Patent_WO2013123226A1,Patent_WO2014138314A1,Patent_WO2015183890A2,Patent_WO2009036067A2,Patent_WO2013116768A1,Patent_WO2014078533A1,Patent_WO2014093736A1,Patent_WO2014100234A1,Patent_WO2016036923A1,Patent_WO2016070119A1,Patent_WO2017083276A1,Patent_WO2017172996A1,Patent_WO2016123122A1,Medline_1551519,Medline_1997467,Medline_3112767,Medline_3139441,Patent_WO2001009358A1,Medline_8457607,Medline_11539696,Pmcoa_5872161,Medline_3917400,Medline_6407845,Pmcoa_3820612,Medline_6406047,Medline_11162600,Medline_3931086,Patent_US20020019338,Patent_EP1599587A2,Patent_US6630511,Patent_WO2005003164A2,Pmcoa_2259317,Pmcoa_5921585,Medline_1694401"
"DEHSPM","ODC1","PSORIASIS","Medline_8374143,Medline_7068977,Medline_7104206,Patent_EP0372941A2","Medline_8371417,Medline_1628366,Patent_US20020045780,Patent_US6235794"
"NITRILOTRIACETATE","ODC1","PSORIASIS","Medline_8374143,Medline_7068977,Medline_7104206,Patent_EP0372941A2","Medline_23863956,Medline_15949703,Medline_14623030,Medline_9667754,Medline_10223187,Medline_9587785,Medline_26078281"
"OROTIC ACID","ODC1","PSORIASIS","Medline_8374143,Medline_7068977,Medline_7104206,Patent_EP0372941A2","Patent_WO1997003668A1,Medline_7718766"
"ROXADUSTAT","PDC","PSORIASIS","Patent_EP2286835A1,Patent_US20090155286,Pmcoa_2212894,Medline_15998792","Pmcoa_5359007,Patent_WO2017027810A2,Pmcoa_5201116,Pmcoa_5374523,Pmcoa_5097156"
"ROFLUMILAST","PDE4A","PSORIASIS","Medline_29387588,Pmcoa_5683107,Patent_US20160045475,Patent_US20110318741,Pmcoa_5854648,Patent_WO2016025686A1,Medline_21859393,Pmcoa_5698795,Medline_26806620","Patent_EP1877049A2,Patent_EP2958915B1,Patent_EP3310784A1,Patent_US20120309727,Medline_26011935,Patent_WO2007007159A2,Medline_23656623,Patent_WO2013021021A1,Patent_WO2017145013A1,Patent_EP2177537B1,Patent_EP1761279A1,Medline_27038440,Medline_15649851,Medline_22036845,Patent_EP1904531A2,Patent_EP2210614A1,Patent_EP2742025A1,Patent_EP2210613A1,Medline_19304913,Medline_21315169,Patent_EP1891973A1,Patent_EP1709080B1,Patent_US20050232917,Patent_US20070166308,Patent_US20100119517,Patent_US20110021478,Patent_EP1891974B1,Patent_EP2177537A2,Patent_EP1891974A1,Patent_EP1904103A2,Patent_EP1709080A2,Patent_EP1891973B1,Patent_US20070232637,Patent_EP2958915A1,Patent_US20060154934,Patent_EP3172210A1,Patent_US20100048615,Patent_US20080051379,Patent_US20120309726,Patent_US20050267135,Patent_US20090099148,Patent_US20100048616,Patent_EP3177624A1,Patent_US7932372,Patent_US20110021476,Patent_US20070009536,Patent_US20080124339,Patent_US20090214558,Patent_US20070167489,Patent_US20150080359,Patent_US20090093503,Patent_US20130252928,Patent_US20110165167,Patent_US20120088743,Patent_US20140121166,Patent_US20120059031,Patent_US20140148420,Patent_US7935794,Patent_WO2005115462A1,Patent_WO2007007152A2,Patent_US20150306079,Patent_US9328169,Patent_US9457030,Patent_USRE45847,Patent_US9126933,Patent_US20140187555,Patent_WO2005067620A2,Pmcoa_4838136,Pmcoa_4993990,Patent_WO2005115465A1,Pmcoa_5209411,Patent_WO2014128585A1,Patent_WO2016020786A1,Patent_US20170049756,Patent_US20170049761,Patent_US20170051057,Patent_WO2007007145A2,Patent_WO2007007151A2,Patent_WO2006102728A2,Pmcoa_2650605,Pmcoa_4898851,Pmcoa_2836961,Patent_WO2006062817A2,Pmcoa_4461257,Patent_WO2016203347A1,Pmcoa_3096656,Pmcoa_4645128,Pmcoa_5762514,Patent_WO2016012896A1,Pmcoa_5450382,Medline_21284261,Medline_23537365,Patent_EP1482938A1,Patent_EP2247184A1,Patent_EP2624695A1,Patent_EP2838900A1,Patent_US20080255209,Patent_US20090197871,Patent_US20150133395,Patent_US20150152116,Patent_US20180016280,Patent_US20180085370,Patent_US8629142,Patent_US8980878,Medline_16981901,Medline_20484614,Medline_21695651,Patent_WO2008110794A1,Medline_22497841,Medline_25207459,Patent_WO2016018697A1,Patent_WO2016028866A1,Pmcoa_3878607,Pmcoa_4776226,Patent_EP2477987B1,Medline_29098341,Medline_25310957,Medline_27174172,Medline_10806144,Medline_18493250,Medline_20226872,Medline_29220595,Medline_29375047,Medline_21695636,Medline_23468885,Patent_EP1429843B1,Patent_EP1448202A1,Medline_21315154,Medline_24784567,Medline_16393727,Medline_11259554,Medline_17704822,Medline_21272339,Medline_23656508,Medline_26503641,Medline_24823465,Patent_EP1482938B1,Patent_EP2137150A1,Patent_EP2624695B1,Patent_EP2794611A1,Medline_21509737,Medline_27844172,Medline_29348829,Pmcoa_5421726,Medline_23038661,Medline_19832118,Medline_21913898,Medline_21726496,Medline_29550808,Patent_EP2046787A1,Patent_EP2249647A1,Patent_EP2512247A1,Medline_20621091,Medline_26521141,Medline_28558784,Patent_EP2595980A1,Patent_EP2651871A1,Patent_EP1874309A1,Patent_EP2491035B1,Patent_EP2504318A2,Patent_EP2533638B1,Patent_EP1343528A2,Patent_EP1429843A2,Patent_EP2598145A1,Patent_EP2818469B1,Patent_EP1931797A2,Patent_EP1940392A2,Patent_EP2491035A1,Patent_EP2533638A1,Patent_EP1890699A1,Patent_EP2046787B1,Patent_EP2512247B1,Patent_US20050112069,Patent_US20120003215,Patent_EP2595980B1,Patent_EP2134686A1,Patent_EP2259681A1,Patent_EP1849468A2,Patent_EP2364314B1,Patent_EP2818469A1,Patent_EP1849468B1,Patent_EP2451787B1,Patent_US20100168170,Patent_US20140081022,Patent_US20140094465,Patent_EP3210974A1,Patent_US20040038958,Patent_US20040242597,Patent_US20050014762,Patent_EP3012258A1,Patent_EP3210982A1,Patent_US20030229134,Patent_EP2451787A1,Patent_US20090041675,Patent_US20090325952,Patent_US20120027752,Patent_US20120142715,Patent_EP2616080A1,Patent_EP2651223A1,Patent_US20030092706,Patent_EP3174870A1,Patent_US20140329821,Patent_US20160045478,Patent_US20160052953,Patent_EP3068405A1,Patent_US20080058369,Patent_EP3020718A1,Patent_EP3210993A1,Patent_US20100168167,Patent_US20110098248,Patent_US20120107274,Patent_EP2834258A1,Patent_EP2977050A1,Patent_EP3183261A1,Patent_US20150183774,Patent_US20170065592,Patent_US20180072755,Patent_US8084449,Patent_US8242146,Patent_US20110124627,Patent_US20090186896,Patent_US20100143301,Patent_EP2585467B1,Patent_EP2697241A2,Patent_EP2834258B1,Patent_US20140072554,Patent_US20140154240,Patent_US20150336897,Patent_US20170327526,Patent_US20130243725,Patent_US20160279117,Patent_US20090274676,Patent_US20120245210,Patent_US20090203657,Patent_US20090203677,Patent_US20120302584,Patent_US20160015713,Patent_US20170008897,Patent_US9161934,Patent_US20130261122,Patent_US20090318494,Patent_US20120196875,Patent_US20140057957,Patent_US20170114086,Patent_US20130261123,Patent_US20160235748,Patent_US20170226140,Patent_US20120289555,Patent_US20130071354,Patent_US20130164280,Patent_US20150080429,Patent_US9364481,Patent_US9452166,Patent_WO2006128675A1,Patent_US20160067254,Patent_US20160159783,Patent_US20170233343,Patent_US8367670,Patent_US8507507,Patent_US20070270441,Patent_US20100056604,Patent_US20140275185,Patent_US20150111839,Patent_US8586624,Patent_US9388208,Patent_US20130273037,Patent_US20150126509,Patent_US20150238501,Patent_US20160108011,Patent_US20160220556,Patent_US20170362244,Patent_US20170029427,Patent_US20140128389,Patent_US20160130275,Patent_US20170190708,Patent_US9707212,Patent_WO2003024488A2,Patent_WO2003074055A1,Patent_US9969688,Patent_US20140200188,Patent_US20170342079,Patent_US8486938,Patent_US8962652,Patent_US9238039,Patent_US9249132,Patent_US20150166546,Patent_US20160024107,Patent_US20160340312,Patent_US8071588,Patent_US8877733,Patent_WO2015069939A1,Patent_WO2018007788A1,Patent_US8759548,Patent_US9982006,Patent_WO2008015437A1,Patent_US8921562,Patent_WO2003024489A2,Patent_US20110294828,Patent_US20120263678,Patent_US20130178499,Patent_US20140316132,Patent_US8809330,Patent_US8809527,Patent_US8859611,Patent_US9139528,Patent_US9221810,Patent_US9481704,Patent_US9701682,Patent_US9828388,Patent_US9856219,Patent_US9957275,Patent_WO2004006920A1,Patent_WO2008015416A1,Patent_WO2011075478A1,Patent_US8003663,Patent_US8067408,Patent_US9187447,Patent_US9315462,Patent_US8476270,Patent_US8785643,Patent_WO2009013286A1,Patent_WO2011114103A1,Patent_WO2012170371A1,Patent_WO2013096681A1,Patent_WO2013158776A1,Pmcoa_3585290,Pmcoa_4346839,Pmcoa_5152848,Patent_US9278975,Patent_US9433618,Patent_WO2011100433A1,Patent_WO2012048181A1,Patent_WO2012013567A1,Patent_US9617295,Patent_WO2004047817A1,Pmcoa_4893128,Patent_WO2008110793A1,Patent_WO2013077830A1,Patent_WO2015132708A1,Pmcoa_3997278,Patent_WO2006111495A1,Patent_WO2012083165A1,Patent_WO2012083171A1,Patent_WO2017134231A1,Pmcoa_2707810,Pmcoa_2915539,Patent_WO2002045749A2,Patent_WO2012012776A1,Patent_WO2011049825A1,Patent_WO2011005645A1,Pmcoa_3398032,Pmcoa_4228152,Pmcoa_5735647,Patent_WO2003039552A1,Patent_WO2011066147A2,Patent_WO2012037038A1,Patent_WO2012142523A2,Patent_WO2015063669A1,Pmcoa_4036665,Pmcoa_4506413,Pmcoa_5018159,Pmcoa_5122881,Pmcoa_59511,Pmcoa_2841147,Pmcoa_3884956,Pmcoa_4743993,Pmcoa_5477752,Pmcoa_5962748,Patent_WO2007039075A2,Pmcoa_4628339,Pmcoa_4629759,Pmcoa_2911898,Pmcoa_3032896,Pmcoa_3379837,Pmcoa_5872362,Pmcoa_5962708,Patent_US8946238,Patent_US9012646,Patent_US9127006,Patent_US9504689,Pmcoa_4211388,Pmcoa_4626529,Pmcoa_2898088,Pmcoa_4280171,Pmcoa_5034615,Pmcoa_5126611,Pmcoa_3635929,Pmcoa_4507158,Pmcoa_5748397,Pmcoa_4474389,Pmcoa_4718766,Patent_WO2013138236A1,Pmcoa_3609109,Pmcoa_4630179,Pmcoa_5091819,Pmcoa_3348474,Pmcoa_4020861,Pmcoa_4144315,Patent_WO2016001907A1,Pmcoa_2954922,Pmcoa_5697384,Pmcoa_3750924,Pmcoa_5269416,Medline_20690782,Pmcoa_4409344,Pmcoa_3629926,Patent_US20070117861,Patent_WO2005046676A1,Patent_US20120052122"
"PICLAMILAST","PDE4A","PSORIASIS","Medline_29387588,Pmcoa_5683107,Patent_US20160045475,Patent_US20110318741,Pmcoa_5854648,Patent_WO2016025686A1,Medline_21859393,Pmcoa_5698795,Medline_26806620","Patent_EP1551805A1,Medline_11834608,Medline_9559913,Patent_EP1551805B1,Patent_US20030186943,Patent_US6458829,Patent_US6770658,Patent_WO2000014083A1,Patent_US20090105281,Patent_US20090239884,Patent_EP1276897A2,Patent_US20110136803,Patent_US7671050,Medline_15765929,Medline_15962112,Pmcoa_4461257,Patent_EP1567136A1,Medline_9515552,Medline_20082309,Medline_10640302,Patent_EP1301796A2,Patent_EP1836207B1,Patent_EP1874775A2,Medline_22023548,Medline_17659276,Patent_EP1791543B1,Patent_EP1601675A1,Patent_EP1836207A2,Patent_EP1874775B1,Patent_EP1791543A2,Patent_US20100286140,Patent_US20030187056,Patent_US7851472,Patent_US20060079540,Patent_US20080280907,Patent_US20080312225,Patent_US20090005372,Patent_US8106047,Patent_US20040018504,Patent_US20060106037,Pmcoa_2881047,Patent_US7282347,Patent_WO2001079526A2,Patent_WO2004089953A1,Patent_WO2004047817A1,Pmcoa_4139869,Patent_WO2002003072A2,Pmcoa_2836961,Medline_15339393"
"MILRINONE","PDE4A","PSORIASIS","Medline_29387588,Pmcoa_5683107,Patent_US20160045475,Patent_US20110318741,Pmcoa_5854648,Patent_WO2016025686A1,Medline_21859393,Pmcoa_5698795,Medline_26806620","Pmcoa_3471891,Patent_EP2586441A1,Patent_US20130029989,Patent_US20130172356,Patent_US9371307,Patent_US20160000750,Patent_US20150080451,Patent_WO2013039985A2,Medline_9432022,Patent_US20030069169,Patent_EP1370211A2,Pmcoa_5837217,Patent_WO2002069905A2,Medline_12652111,Patent_US20070249668,Patent_US20120083443"
"HT-0712","PDE4A","PSORIASIS","Medline_29387588,Pmcoa_5683107,Patent_US20160045475,Patent_US20110318741,Pmcoa_5854648,Patent_WO2016025686A1,Medline_21859393,Pmcoa_5698795,Medline_26806620","Medline_28772081,Patent_EP2313098A1,Medline_24964813,Patent_WO2010009453A1,Pmcoa_4523784"
"MESOPRAM","PDE4A","PSORIASIS","Medline_29387588,Pmcoa_5683107,Patent_US20160045475,Patent_US20110318741,Pmcoa_5854648,Patent_WO2016025686A1,Medline_21859393,Pmcoa_5698795,Medline_26806620","Patent_EP2231159A1,Patent_US20080182845,Patent_US20100087436,Patent_US20090176785,Patent_US20160175316,Patent_US20160101109,Patent_WO2017213695A1,Patent_WO2009064938A1,Pmcoa_3585290,Patent_WO2008064116A2"
"MELARSOPROL","PML","PSORIASIS","Pmcoa_5365096,Pmcoa_3972027","Patent_US20030211171,Patent_EP2255800B1,Patent_US20040146581,Patent_EP1964557B1,Patent_WO1999024029A1,Patent_EP1964557A1,Patent_US20040146579,Patent_US20020013371,Patent_EP1037625A1,Patent_EP2255800A1,Patent_US20030099719,Medline_9716575,Patent_US20040146570,Patent_US20040146582,Patent_US7879364,Patent_US20040146571,Patent_US20040146583,Patent_US20040146568,Patent_US20040146569,Patent_US20040146574,Patent_US6855339,Patent_US6982096,Patent_US20040146576,Patent_US20060029681,Patent_US20110091573,Patent_US20040146572,Patent_US20040151782,Patent_US20040146573,Patent_US20040146577,Patent_US6884439,Patent_US6861076"
"LATRUNCULIN B","S100A7","PSORIASIS","Medline_8526920,Medline_29333662,Pmcoa_3564247,Medline_26872860,Medline_22402441,Patent_EP1660651A2,Patent_WO2005024011A2,Pmcoa_5637346,Pmcoa_3969668,Patent_US20130224146,Patent_US20100316596,Patent_US20070212356,Patent_US7737259,Patent_US9555107,Medline_26276441,Medline_29339075,Pmcoa_5218466,Pmcoa_4309199","Pmcoa_5132200,Pmcoa_5421890"
"ACID C10","TJP1","PSORIASIS","Medline_17300235,Pmcoa_4973367","Medline_29184078,Pmcoa_5705592,Pmcoa_4670985"
"ROPINIROLE","EGR1","SCLERODERMA","Medline_21931594,Pmcoa_3172216,Pmcoa_2768752","Medline_18583175,Medline_20452347"
"BPC-157","EGR1","SCLERODERMA","Medline_21931594,Pmcoa_3172216,Pmcoa_2768752","Pmcoa_4405609,Pmcoa_5023193"
"SALSALATE","EP300","SCLERODERMA","Pmcoa_3626729,Medline_23303459,Medline_16319104","Patent_WO2016115520A1,Patent_EP3244914A1,Pmcoa_4598295,Medline_26390242,Patent_US10004753,Patent_US20170368080"
"ALFADEX","GLB1","SCLERODERMA","Medline_2128055,Medline_6785118,Medline_16285646","Medline_25670982,Pmcoa_4311648"
"GEPIRONE","HTR1A","SCLERODERMA","Medline_27586891,Pmcoa_5009650","Medline_1978370,Patent_WO2002102988A2,Patent_US7132287,Patent_US20030082802,Medline_11892924,Medline_1682780,Medline_1350349,Medline_8131153,Medline_2905533,Medline_2157231,Medline_10523050,Medline_2145592,Medline_12707493,Medline_1973905,Medline_14685301,Medline_2524857,Medline_9822768,Medline_7902588,Medline_7617823,Pmcoa_4408952,Medline_2901112,Patent_US7425558,Patent_EP1881851A1,Medline_2466516,Medline_2565390,Patent_US20080070925,Patent_EP1874756A1,Patent_EP1971337A1,Patent_US20060263299,Patent_WO2006116165A1,Patent_EP1871355A1,Patent_EP1871358A1,Patent_US20060287335,Patent_WO2006116149A1,Patent_EP1871755A1,Patent_WO2005094827A1,Patent_US20060287333,Patent_WO2006116150A1,Patent_WO2006116170A1,Patent_WO2007081374A1,Patent_EP1871356A1,Patent_WO2008052078A2,Patent_WO2006116151A1,Patent_WO2006124259A1,Medline_8788529"
"VILAZODONE","HTR1A","SCLERODERMA","Medline_27586891,Pmcoa_5009650","Pmcoa_4880584,Pmcoa_3363296,Medline_15740724,Medline_28705022,Pmcoa_5091830,Pmcoa_5693328,Pmcoa_4922821,Pmcoa_4048143,Medline_24419272,Pmcoa_4841022"
"LESOPITRAN","HTR1A","SCLERODERMA","Medline_27586891,Pmcoa_5009650","Medline_15331910,Medline_8026543"
"FLIBANSERIN","HTR1A","SCLERODERMA","Medline_27586891,Pmcoa_5009650","Medline_23857113,Medline_29198449,Pmcoa_5695746,Medline_8584043,Medline_24281236,Medline_22569849,Medline_28817365,Pmcoa_3108562,Pmcoa_5384512,Pmcoa_2907233"
"ELTOPRAZINE","HTR1A","SCLERODERMA","Medline_27586891,Pmcoa_5009650","Medline_7473558,Medline_2340856"
"DIMETHYLTRYPTAMINE","HTR2A","SCLERODERMA","Medline_19435465,Pmcoa_2688170,Pmcoa_2688175","Medline_9768567,Pmcoa_2784146,Medline_16342002,Medline_25820842,Medline_18488201,Medline_28525587,Medline_22005052,Pmcoa_2668652,Medline_25637267,Pmcoa_3414465,Pmcoa_4571623,Pmcoa_5581489"
"PEROSPIRONE","HTR2A","SCLERODERMA","Medline_19435465,Pmcoa_2688170,Pmcoa_2688175","Medline_9595296,Medline_19566763"
"LORCASERIN","HTR2A","SCLERODERMA","Medline_19435465,Pmcoa_2688170,Pmcoa_2688175","Pmcoa_5787931,Pmcoa_3038640,Pmcoa_4825944"
"PALIPERIDONE","HTR2A","SCLERODERMA","Medline_19435465,Pmcoa_2688170,Pmcoa_2688175","Pmcoa_2938305,Pmcoa_4488186"
"ESTRAMUSTINE","MAPK1","SCLERODERMA","Medline_27650973,Pmcoa_5030663,Medline_25889655,Pmcoa_3008687,Pmcoa_5811759,Patent_US20090221481","Medline_11720482,Pmcoa_2375254"
"CARBOCISTEINE","MAPK1","SCLERODERMA","Medline_27650973,Pmcoa_5030663,Medline_25889655,Pmcoa_3008687,Pmcoa_5811759,Patent_US20090221481","Patent_US20140343149,Patent_US9216163,Medline_26997568,Medline_25533503"
"OTX 008","MAPK1","SCLERODERMA","Medline_27650973,Pmcoa_5030663,Medline_25889655,Pmcoa_3008687,Pmcoa_5811759,Patent_US20090221481","Patent_US20140243415,Medline_25042151"
"4-(1,2-DIHYDROXYETHYL)BENZENE-1,2-DIOL","MAPK1","SCLERODERMA","Medline_27650973,Pmcoa_5030663,Medline_25889655,Pmcoa_3008687,Pmcoa_5811759,Patent_US20090221481","Pmcoa_3742461,Pmcoa_3485740"
"TANDUTINIB","PDGFRB","SCLERODERMA","Pmcoa_4057313,Medline_19180499","Patent_EP3027774A1,Patent_US20100273808,Patent_US20150133460,Patent_US20160298195,Pmcoa_5787524,Pmcoa_4372648"
"ADPEDF","SERPINF1","SCLERODERMA","Pmcoa_5867407,Medline_29259049","Pmcoa_2700809,Medline_24848263,Medline_26756933,Pmcoa_3637821,Patent_US20070232541,Patent_US20090149381"
"LM-609","SERPINF1","SCLERODERMA","Pmcoa_5867407,Medline_29259049","Pmcoa_4889158,Medline_27293373"
"(S)-CAMPTOTHECIN","TOP1","SCLERODERMA","Medline_19380834,Medline_19927342,Patent_EP2099819A1,Patent_WO2007068047A1,Medline_7690776,Medline_7650398,Patent_EP1960427A1,Patent_US20130089893,Patent_US20080008700,Patent_EP1960427B1,Patent_US20100112080,Patent_US8354109,Patent_US8729247,Patent_WO2008070927A1,Medline_1372644,Patent_WO2010102276A2,Patent_EP2650306A1,Patent_US20070258981,Patent_US20130028888,Patent_US8323653,Patent_US8389688,Patent_US20130115657,Medline_2479024","Medline_26025908,Patent_US20140106342,Patent_WO2012109617A2,Medline_9570926,Pmcoa_5797825,Pmcoa_2651790,Pmcoa_5421973"
"PHENYL ACID","LCN1","SJOGREN'S SYNDROME","Medline_16249071,Patent_WO2016194014A1","Medline_24043458,Medline_17945179"
"CROMOLYN","MSN","SJOGREN'S SYNDROME","Medline_29557737,Patent_EP2624851B1,Patent_WO2012045273A1,Patent_US20130210678,Patent_US9632098,Patent_EP2624851A1","Patent_US20110195924,Patent_WO2010042504A1,Patent_US20090062319,Medline_10945828"
"DOXORUBICIN HYDROCHLORIDE","MSN","SJOGREN'S SYNDROME","Medline_29557737,Patent_EP2624851B1,Patent_WO2012045273A1,Patent_US20130210678,Patent_US9632098,Patent_EP2624851A1","Pmcoa_5342538,Medline_28776488,Medline_23598077,Pmcoa_5191581,Pmcoa_4299401,Pmcoa_4550540"
"TOLCAPONE","TTR","SJOGREN'S SYNDROME","Medline_20715466,Medline_26339445","Patent_EP2770988A1,Patent_EP2770988B1,Patent_US20170304243,Patent_US20140296188,Patent_US9610270,Patent_WO2013060668A1,Pmcoa_4766415,Medline_26902880,Pmcoa_5328956,Pmcoa_5428290"
"ETHINYLESTRADIOL","C9ORF3","SYSTEMIC LUPUS ERYTHEMATOSUS","Medline_17899624,Medline_21120501,Medline_15571929","Pmcoa_5011491,Medline_27642556,Medline_2969320"
"VARLILUMAB","CD27","SYSTEMIC LUPUS ERYTHEMATOSUS","Medline_8938100,Medline_7641505,Medline_26713408,Medline_25156507,Pmcoa_2039801","Medline_28500025,Pmcoa_4649460"
"MILATUZUMAB","CD74","SYSTEMIC LUPUS ERYTHEMATOSUS","Patent_EP2605788A2,Patent_WO2012024223A2,Medline_28219888,Patent_US20170266281,Patent_US20160279239,Medline_27752708","Patent_EP2552483A1,Patent_US20130164214,Patent_WO2011123428A1,Patent_US20110243841,Patent_US20170088619,Pmcoa_3200112,Patent_US20100272636,Patent_US8367037,Patent_US8846002,Patent_US20120100068,Patent_US20130142729,Patent_US8119101,Medline_20574049,Medline_21417823,Patent_US20170266281,Patent_US20160279239,Pmcoa_4585214,Patent_US20150196662,Patent_US9107960,Patent_US9522959,Patent_US20150196653,Patent_US20170165370,Patent_US9629926,Patent_EP2900277A1,Patent_US20150196661,Patent_WO2016057398A1,Patent_US20150196654,Patent_US20150216997,Patent_US20160032004,Patent_US20170014403,Patent_WO2016210108A1,Patent_EP3024460A2,Patent_EP3204018A1,Patent_US20150202320,Patent_US20150196666,Patent_US20150202319,Patent_US9028833,Patent_US9375489,Patent_US9458242,Patent_WO2017004144A1,Patent_US20160296633,Patent_US20170274093,Patent_US20140227180,Patent_US20160090423,Patent_US20160256562,Patent_US20160303253,Patent_US9493573,Patent_WO2014092804A1,Patent_US20150196665,Patent_US9499631,Patent_US9707302,Patent_US20140219914,Patent_US20160095939,Patent_US9481732,Patent_US20140170063,Patent_US9226973,Patent_WO2015012904A2,Patent_US20150196664,Patent_US9475884,Patent_US20150306243,Patent_US9493574,Patent_US9855344,Pmcoa_3446420,Medline_21228331"
"CUSTIRSEN","CLU","SYSTEMIC LUPUS ERYTHEMATOSUS","Patent_WO2017134043A1,Pmcoa_4917652","Patent_US20140080895,Patent_US9457045,Patent_WO2012123823A1,Patent_EP2685990A1,Patent_US20170145418,Patent_WO2013173757A1,Patent_US9364496,Patent_US20130017272,Patent_EP2709673A2,Patent_EP2849761A1,Patent_US20130310440,Patent_US20140275214,Patent_WO2014159775A1,Patent_US20140275215,Patent_WO2012156817A2,Patent_WO2014159774A1,Patent_US9359606,Patent_EP2685989A1,Patent_US20140088178,Patent_WO2012123820A1,Medline_21788353,Pmcoa_3474961,Pmcoa_3799281"
"BENZOYLECGONINE","LBR","SYSTEMIC LUPUS ERYTHEMATOSUS","Medline_2766336,Medline_3112222","Pmcoa_4822853,Medline_305890"
"5-HYDROXYVALERATE","LBR","SYSTEMIC LUPUS ERYTHEMATOSUS","Medline_2766336,Medline_3112222","Patent_WO2004027076A2,Pmcoa_4971467,Patent_EP2749650A1,Patent_EP2938737A1,Patent_US20150337344,Patent_WO2014102297A1"
"VALERATE","LBR","SYSTEMIC LUPUS ERYTHEMATOSUS","Medline_2766336,Medline_3112222","Patent_US20160068803,Patent_WO2013016566A1,Pmcoa_5537348"
"CHEMBL2402737","MDM2","SYSTEMIC LUPUS ERYTHEMATOSUS","Medline_29324237,Pmcoa_4451996,Medline_26090506,Medline_21949095","Pmcoa_5683421,Pmcoa_5946445,Pmcoa_5674101,Pmcoa_5814445,Medline_26586447,Medline_26993060,Medline_27353420,Medline_29392451,Medline_29368050,Pmcoa_5331088,Pmcoa_4924270,Pmcoa_5652019,Pmcoa_5743003,Pmcoa_5833874"
"CHEMBL3186011","MDM2","SYSTEMIC LUPUS ERYTHEMATOSUS","Medline_29324237,Pmcoa_4451996,Medline_26090506,Medline_21949095","Pmcoa_3382884,Pmcoa_4737887"
"(R)-(METHYL [(5E,8E,11E,14E)-ICOSA-5,8,11,14-TETRAEN-1-YL]PHOSPHONOFLUORIDATE)","PLA2G7","SYSTEMIC LUPUS ERYTHEMATOSUS","Medline_1424155,Medline_2354868,Pmcoa_2834121","Pmcoa_3966846,Medline_24671173"
"TOLRESTAT","PRKCD","SYSTEMIC LUPUS ERYTHEMATOSUS","Medline_29177435,Pmcoa_5886157","Medline_9186869,Medline_10361857,Medline_15734861"
"ROMIPLOSTIM","TPO","SYSTEMIC LUPUS ERYTHEMATOSUS","Medline_28544477,Medline_28712818,Patent_WO2012031122A2","Patent_WO2014100636A2,Pmcoa_4377333,Pmcoa_2900600,Pmcoa_3269797,Medline_19642221,Pmcoa_2802075"
